{
  "identFormat": "1.0.0",
  "transactionCode": "722899766",
  "status": "PENDING_MANUAL_REVIEW",
  "flaggedAsFraud": false,
  "forcedManualReview": false,
  "pidDeleted": false,
  "createdAt": "2025-08-08T11:41:47.680Z",
  "updatedAt": "2025-08-08T11:44:27.921Z",
  "metadata": {
    "brandID": "LOR",
    "appID": "ch.pxlvision.ident-qes",
    "sdkVersionId": "v3.10.0-0-gaa48c44c85"
  },
  "configuration": {
    "workflowId": 31,
    "workflowName": "IDV eIDAS",
    "modules": [
      {
        "module": "introLanding",
        "enabled": true
      },
      {
        "module": "introConsents",
        "enabled": true
      },
      {
        "module": "compatibilityCheck",
        "enabled": true,
        "cameraRequired": true,
        "nfcBrowserRequired": false
      },
      {
        "module": "userAuthentication",
        "enabled": false
      },
      {
        "module": "selfDeclaration",
        "enabled": false
      },
      {
        "module": "identityVerification",
        "enabled": true,
        "idScan": true,
        "documentFreshness": true,
        "faceVerification": true,
        "livenessDetection": true,
        "idRecording": {
          "enabled": true,
          "mode": "mandatory"
        },
        "nfcDetection": false,
        "partnerQes": false
      },
      {
        "module": "a4Scan",
        "enabled": false
      },
      {
        "module": "addressCheck",
        "enabled": false,
        "mode": "uiOnly"
      },
      {
        "module": "barcodeScan",
        "enabled": false
      },
      {
        "module": "contractSigning",
        "enabled": false
      },
      {
        "module": "signOnScreen",
        "enabled": false
      },
      {
        "module": "outro",
        "enabled": true
      }
    ],
    "minimumAge": 18
  },
  "userConsent": {
    "termsOfUse": true,
    "privacyPolicyML": true
  },
  "transactionLog": [
    {
      "status": "ACTIVE",
      "timestamp": "2025-08-08T11:41:47.680Z"
    },
    {
      "status": "STARTED",
      "timestamp": "2025-08-08T11:41:58.543Z"
    },
    {
      "status": "TC_ACCEPTED",
      "timestamp": "2025-08-08T11:42:02.868Z"
    },
    {
      "status": "COMPATIBILITY_PASSED",
      "timestamp": "2025-08-08T11:42:07.701Z"
    },
    {
      "status": "DOCUMENT_SCAN_COMPLETED",
      "timestamp": "2025-08-08T11:42:35.856Z"
    },
    {
      "status": "DOCUMENT_RECORDING_COMPLETED",
      "timestamp": "2025-08-08T11:43:19.353Z"
    },
    {
      "status": "SELFIE_COMPLETED",
      "timestamp": "2025-08-08T11:44:27.714Z"
    },
    {
      "status": "IDENTIFICATION_COMPLETED",
      "timestamp": "2025-08-08T11:44:27.848Z"
    },
    {
      "status": "PENDING_MANUAL_REVIEW",
      "timestamp": "2025-08-08T11:44:27.921Z"
    }
  ],
  "initialPersonalData": {
    "firstName": "Jasper",
    "lastName": "Glaubitz",
    "maidenName": "Glaubitz",
    "gender": "f",
    "birthdate": "1994-09-10",
    "email": "jasper@201720.de",
    "phone": "+491736300872",
    "nationality": "DEU",
    "address": {
      "street": "Wittorfer Straße 14",
      "houseNumber": "1",
      "addressLine2": "address2",
      "zipCode": "24534",
      "city": "Neumünster",
      "countryCode": "DEU"
    }
  },
  "device": {
    "model": "Apple iPhone",
    "osVersion": "iOS 18.5",
    "cameras": [
      2
    ]
  },
  "documentVerification": {
    "documents": [
      {
        "processId": "2637330142",
        "FSTID": "1754653348",
        "scanDate": "2025-08-08T11:42:28",
        "files": [
          {
            "filetype": "firstImage",
            "filename": "firstImage.png",
            "SHA512": "37635b5c14bbef7ad031b321f9e54ba8db412be492ca4e3d452a20d86cb7a5d370d3813a5bafc823df2d82a0592a83e0f2954cf86a6b029c62423b32aff0ea58"
          },
          {
            "filetype": "secondImage",
            "filename": "secondImage.png",
            "SHA512": "b8c008bf562d2f3708693c9d77f852e004f491291a92df49b5898de86709907e478ea951de2c9dbff5873185b220071a41fa045bbf4040a96da010e990e5ec3e"
          },
          {
            "filetype": "faceImage",
            "filename": "faceImage.png",
            "SHA512": "36252f2f7337e7e534151555a08d30cbcd4075fc3c65526c3d4f7f62576bb235a9cc3631ea92f0f1ae548262951c7da340c2c695a255c561daaa60de36fd44c9"
          },
          {
            "filetype": "resultXml",
            "filename": "result.xml",
            "SHA512": "7db40cc0602129433ea8fc499d91f17a336dfe5038257e1b0301e92b1929d85e0849f3f2dc269b799a332f27879abbbff5655d399cd37d00b824da2375187e59"
          },
          {
            "filetype": "InputXml",
            "filename": "input.xml",
            "SHA512": "895f882ac32a4b7432de9e8f9884287dbdfdb34a04eb5766281d1f0e871c3376bf072a2264e6cf8f3c8a3d80493a77f31b2fb41ebef0061ce58285c5770445bc"
          },
          {
            "filetype": "ResultJson",
            "filename": "result.json",
            "SHA512": "066796e71b99543139fb84a4697862351cdbe45c5a9a91570004bfd0fa1eed13a8172fefc8a01f0c2292949dd20eefdb760318a12f00bb9e3692f78537aa3ef0"
          },
          {
            "filetype": "dvsLog",
            "filename": "session.log",
            "SHA512": "ce71d9e7e24fbc061b3707b179fc7dc6627271d8080cec4a6f9871224d09aab6ff802019ee4be113abbbdbf37182f811419783c38a72f8f6cf5a63dfd9d95ed1"
          },
          {
            "filetype": "signatureImage",
            "filename": "signature.png",
            "SHA512": "d3698c8528b5b6bcfdcd10cdbdb856533223a4d4ec14d4aa5a33405fc0493524774231263ea87918ef535d5ce5221e5b6703c9aa7416e69272a102e7d8e7a522"
          },
          {
            "filetype": "fullFrameFirstPage",
            "filename": "fullFrameFirstPage.jpg",
            "SHA512": "ff0d73c3f434cf09854168f1140528fc8736b7c832deaf5d8b36ae04c184edd971020541bef96012d37ef241e14b8b7b96a8d0e2d53b004c415a2dd5af674c63"
          },
          {
            "filetype": "fullFrameSecondPage",
            "filename": "fullFrameSecondPage.jpg",
            "SHA512": "c43d954a0fd2075fe7d039f5433072b38f69e18a425027fe174c35d6674ea2236e8c94c7220f2d960aa58b33d7f05b59808474180672e9eb45c8ed7c859a659b"
          }
        ],
        "documentTypeClassifier": {
          "classifiedDocumentFirstScan": "deu-id-2021 front",
          "classifiedDocumentSecondScan": "deu-id-2021 back",
          "hasNfc": "unsure",
          "nfcSupported": "yes"
        },
        "mrz": {
          "firstName": "JAN",
          "lastName": "WARNKE",
          "dateOfBirth": "1999-03-30",
          "documentType": "id",
          "documentNumber": "L1R2PWKW1",
          "documentCountry": "DEU",
          "nationality": "DEU",
          "expirationDate": "2028-06-29",
          "mrzLines": {
            "line1": "IDD**L1R2PWKW15***************",
            "line2": "9903300*2806295D**2108*******1",
            "line3": "WARNKE**JAN*******************"
          }
        },
        "viz": {
          "firstName": "JAN",
          "lastName": "WARNKE",
          "dateOfBirth": "1999-03-30",
          "documentType": "id",
          "documentNumber": "L1R2PWKW1",
          "documentCountry": "DEU",
          "nationality": "DEU",
          "expirationDate": "2028-06-29",
          "dateOfIssue": "2022-06-30",
          "placeOfBirth": "NEUMÜNSTER",
          "address": "24620 BÖNEBÜTTELMARDERWEG 17 A",
          "authority": "GEMEINDE BÖNEBÜTTEL"
        },
        "calculatedAge": 26
      }
    ]
  },
  "idRecording": {
    "documents": {
      "id": 1,
      "files": [
        {
          "filetype": "firstVideo",
          "filename": "docRecordside1.mp4",
          "SHA512": "cc8677bf7025eaf36e4bbe7a17a8f311504c2bf1c9b9938e34c504e82c6815edfb21e764130df41daec5441cbdc21fcd74d53bad9a5c437a1ff2020ff0317546"
        },
        {
          "filetype": "secondVideo",
          "filename": "docRecordside2.mp4",
          "SHA512": "dc121c48e8ecf01cf0abb777517a60d3c7449c73bcde504fd7a391371e554111a6438e3f8375dc87948a93ba64e146e04c8c2a2c6013f275dae1a4425a56ba8c"
        }
      ]
    }
  },
  "returnCodes": {
    "blocking": [],
    "retryAndStop": [],
    "suspectedFraud": [],
    "retryAndContinue": [
      "EError_FaceNotVerified"
    ],
    "ignore": [],
    "manualCheck": [
      "EError_FaceNotVerified"
    ],
    "special": [],
    "unhandled": []
  },
  "faceLiveness": {
    "files": [
      {
        "filetype": "faceAvatar",
        "filename": "faceAvatar.png",
        "SHA512": "3bb6d61bfcc83f5d6d873ced97cc0a11af89ca0807944d35cc6535a168444704516ddb376f6adac2ae3cb0bfa8979e32c0d497b16d62a8f77015934bba055101"
      },
      {
        "filetype": "selfieVideo",
        "filename": "video.mp4",
        "SHA512": "2fddca1be9f79592fc656f3b302f9ce11290f75f69e98a22a1c2e4f971656141871590396b52d2b8036c4e154cd02edf356efb382c4a267807c6deb49b5843ef"
      }
    ],
    "livenessCheck": {
      "result": "pass",
      "threshold": "90",
      "confidenceLevel": "99",
      "processId": "2637330142",
      "FSTID": "1754653456"
    },
    "faceVerification": {
      "result": "fail",
      "threshold": "41",
      "confidenceLevel": "-8",
      "processId": "2637330142",
      "FSTID": "1754653457"
    }
  }
}