{
  "format_version": 0,
  "app_id": "ch.pxlvision.ident-qes",
  "app_name": "PXLBeamOnBoard",
  "version_id": "v3.10.0-0-gaa48c44c85",
  "vendor": "PXLVISION",
  "brand_id": "LOR",
  "transaction_code": "722899766",
  "request_id": "",
  "order_id": "",
  "steps": [
    {
      "process_type": "idscan",
      "base_document_name": "deu-id-2021",
      "origin_country": "DEU",
      "document_type": "id",
      "accelerometer_attack": false,
      "nfc_prediction": {
        "has_nfc": "unsure",
        "nfc_supported": "yes"
      },
      "summary": {
        "address": "24620 BÖNEBÜTTEL\nMARDERWEG 17 A",
        "authority": "GEMEINDE BÖNEBÜTTEL",
        "countryCode": "DEU",
        "dateOfBirth": "1999-03-30",
        "dateOfExpiry": "2028-06-29",
        "dateOfIssue": "2022-06-30",
        "documentCountry": "DEU",
        "documentNumber": "L1R2PWKW1",
        "documentType": "id",
        "firstName": "JAN",
        "lastName": "WARNKE",
        "nationality": "DEU",
        "optionalData2": "2108",
        "placeOfBirth": "NEUMÜNSTER"
      },
      "failed_checks": [],
      "pages": [
        {
          "document": "deu-id-2021",
          "name": "front",
          "index": 0,
          "origin_country": "DEU",
          "document_type": "id",
          "document_material": "",
          "document_location": [
            {
              "x": 276.29583740234375,
              "y": 127.7664566040039
            },
            {
              "x": 1094.26171875,
              "y": 137.380859375
            },
            {
              "x": 1094.7281494140625,
              "y": 658.5232543945313
            },
            {
              "x": 252.30242919921875,
              "y": 645.4337768554688
            }
          ],
          "image_path": "firstImage.png",
          "grayscale_document": false,
          "page_image_details": {
            "page_blurriness": {
              "result": 0.0004263247537892312,
              "threshold": 2.7470900022308342e-05
            },
            "page_orientation": {
              "result": 520.0,
              "threshold": 911.9000244140625
            },
            "page_reflection": false,
            "screen_integrity": {
              "result": 0.00011070044274674729,
              "threshold": 0.5
            },
            "color_mode_integrity": {
              "result": 0.0,
              "threshold": 0.5
            }
          },
          "viz": [
            {
              "field_name": "dateOfBirth",
              "coordinates": [
                [
                  356,
                  289
                ],
                [
                  539,
                  287
                ],
                [
                  540,
                  329
                ],
                [
                  357,
                  330
                ]
              ],
              "raw_value": {
                "text": "30.03.1999",
                "confidence": 0.9999967813491821
              },
              "extraction_type": "Line_Extraction",
              "found_fields": {
                "dateOfBirth": "1999-03-30"
              },
              "not_found_fields": []
            },
            {
              "field_name": "dateOfExpiry",
              "coordinates": [
                [
                  358,
                  410
                ],
                [
                  541,
                  409
                ],
                [
                  541,
                  449
                ],
                [
                  359,
                  450
                ]
              ],
              "raw_value": {
                "text": "29.06.2028",
                "confidence": 0.9999973177909851
              },
              "extraction_type": "Line_Extraction",
              "found_fields": {
                "dateOfExpiry": "2028-06-29"
              },
              "not_found_fields": []
            },
            {
              "field_name": "documentNumber",
              "coordinates": [
                [
                  564,
                  14
                ],
                [
                  810,
                  12
                ],
                [
                  811,
                  63
                ],
                [
                  565,
                  65
                ]
              ],
              "raw_value": {
                "text": "L1R2PWKW1",
                "confidence": 0.9999449253082275
              },
              "extraction_type": "Line_Extraction",
              "found_fields": {
                "documentNumber": "L1R2PWKW1"
              },
              "not_found_fields": []
            },
            {
              "field_name": "firstName",
              "coordinates": [
                [
                  355,
                  219
                ],
                [
                  814,
                  216
                ],
                [
                  815,
                  260
                ],
                [
                  356,
                  263
                ]
              ],
              "raw_value": {
                "text": "JAN",
                "confidence": 0.9999957084655762
              },
              "extraction_type": "Line_Extraction",
              "found_fields": {
                "firstName": "JAN"
              },
              "not_found_fields": []
            },
            {
              "field_name": "lastName",
              "coordinates": [
                [
                  379,
                  132
                ],
                [
                  826,
                  130
                ],
                [
                  827,
                  208
                ],
                [
                  380,
                  210
                ]
              ],
              "raw_value": {
                "text": "WARNKE",
                "confidence": 0.9999824166297913
              },
              "extraction_type": "Multiline_Extraction",
              "found_fields": {
                "lastName": "WARNKE"
              },
              "not_found_fields": []
            },
            {
              "field_name": "maidenName",
              "coordinates": [
                [
                  379,
                  132
                ],
                [
                  826,
                  130
                ],
                [
                  827,
                  208
                ],
                [
                  380,
                  210
                ]
              ],
              "raw_value": {
                "text": "WARNKE",
                "confidence": 0.9999824166297913
              },
              "extraction_type": "Multiline_Extraction",
              "found_fields": {
                "maidenName": ""
              },
              "not_found_fields": []
            },
            {
              "field_name": "nationality",
              "coordinates": [
                [
                  543,
                  286
                ],
                [
                  794,
                  285
                ],
                [
                  794,
                  328
                ],
                [
                  544,
                  329
                ]
              ],
              "raw_value": {
                "text": "DEUTSCH",
                "confidence": 0.9999971389770508
              },
              "extraction_type": "Line_Extraction",
              "found_fields": {
                "nationality": "DEU"
              },
              "not_found_fields": []
            },
            {
              "field_name": "placeOfBirth",
              "coordinates": [
                [
                  357,
                  335
                ],
                [
                  816,
                  333
                ],
                [
                  817,
                  374
                ],
                [
                  358,
                  377
                ]
              ],
              "raw_value": {
                "text": "NEUMÜNSTER",
                "confidence": 0.9999710321426392
              },
              "extraction_type": "Line_Extraction",
              "found_fields": {
                "placeOfBirth": "NEUMÜNSTER"
              },
              "not_found_fields": []
            }
          ],
          "mrz": [],
          "barcode": [],
          "face": [
            {
              "field_name": "face",
              "coordinates": [
                [
                  34,
                  112
                ],
                [
                  347,
                  110
                ],
                [
                  353,
                  505
                ],
                [
                  41,
                  507
                ]
              ],
              "detected_face": {
                "bbox": {
                  "x1": 91.3560791015625,
                  "y1": 205.01943969726563,
                  "x2": 275.779296875,
                  "y2": 451.324951171875
                },
                "score": 0.9998573064804077,
                "face_landmarks": {
                  "left_eye": {
                    "x": 154.9542236328125,
                    "y": 301.153076171875
                  },
                  "right_eye": {
                    "x": 240.19677734375,
                    "y": 300.08343505859375
                  },
                  "nose": {
                    "x": 206.42312622070313,
                    "y": 357.5244140625
                  },
                  "mouth_left": {
                    "x": 156.97122192382813,
                    "y": 387.6787414550781
                  },
                  "mouth_right": {
                    "x": 238.01751708984375,
                    "y": 385.25030517578125
                  }
                },
                "source_image_size": {
                  "width": 1159,
                  "height": 728
                }
              },
              "source_image_size": {
                "width": 829,
                "height": 520
              },
              "image_path": "faceImage.png"
            }
          ],
          "texture": [
            {
              "field_name": "BundesrepublikDeutschland",
              "coordinates": [
                [
                  145,
                  17
                ],
                [
                  535,
                  15
                ],
                [
                  535,
                  62
                ],
                [
                  146,
                  64
                ]
              ]
            },
            {
              "field_name": "Personalausweis",
              "coordinates": [
                [
                  146,
                  56
                ],
                [
                  369,
                  54
                ],
                [
                  370,
                  98
                ],
                [
                  146,
                  100
                ]
              ]
            }
          ],
          "signature": [
            {
              "field_name": "signature",
              "coordinates": [
                [
                  365,
                  439
                ],
                [
                  812,
                  437
                ],
                [
                  813,
                  518
                ],
                [
                  367,
                  521
                ]
              ],
              "image_path": "signature.png"
            }
          ],
          "corner_detection_input_crop": {
            "x": 2,
            "y": 0,
            "width": 1337,
            "height": 738
          },
          "full_frame_image_path": "fullFrameFirstPage.jpg"
        },
        {
          "document": "deu-id-2021",
          "name": "back",
          "index": 1,
          "origin_country": "DEU",
          "document_type": "id",
          "document_material": "",
          "document_location": [
            {
              "x": 253.95101928710938,
              "y": 64.0970687866211
            },
            {
              "x": 1174.8485107421875,
              "y": 87.58207702636719
            },
            {
              "x": 1147.6617431640625,
              "y": 696.4423828125
            },
            {
              "x": 225.12696838378906,
              "y": 645.594970703125
            }
          ],
          "image_path": "secondImage.png",
          "grayscale_document": false,
          "page_image_details": {
            "page_blurriness": {
              "result": 0.0012243334203958511,
              "threshold": 2.7470900022308342e-05
            },
            "page_orientation": {
              "result": 595.0,
              "threshold": 1015.2999877929688
            },
            "page_reflection": false,
            "screen_integrity": {
              "result": 0.01719333976507187,
              "threshold": 0.5
            },
            "color_mode_integrity": {
              "result": 0.0,
              "threshold": 0.5
            }
          },
          "viz": [
            {
              "field_name": "address",
              "coordinates": [
                [
                  411,
                  38
                ],
                [
                  889,
                  38
                ],
                [
                  889,
                  204
                ],
                [
                  411,
                  204
                ]
              ],
              "raw_value": {
                "text": "24620 BÖNEBÜTTEL\nMARDERWEG 17 A",
                "confidence": 0.9999129772186279
              },
              "extraction_type": "Multiline_Extraction",
              "found_fields": {
                "address": "24620 BÖNEBÜTTEL\nMARDERWEG 17 A"
              },
              "not_found_fields": []
            },
            {
              "field_name": "authority",
              "coordinates": [
                [
                  24,
                  211
                ],
                [
                  403,
                  211
                ],
                [
                  403,
                  313
                ],
                [
                  24,
                  313
                ]
              ],
              "raw_value": {
                "text": "GEMEINDE BÖNEBÜTTEL",
                "confidence": 0.999896228313446
              },
              "extraction_type": "Multiline_Extraction",
              "found_fields": {
                "authority": "GEMEINDE BÖNEBÜTTEL"
              },
              "not_found_fields": []
            },
            {
              "field_name": "dateOfIssue",
              "coordinates": [
                [
                  28,
                  143
                ],
                [
                  240,
                  143
                ],
                [
                  240,
                  193
                ],
                [
                  28,
                  193
                ]
              ],
              "raw_value": {
                "text": "30.06.22",
                "confidence": 0.9999948740005493
              },
              "extraction_type": "Line_Extraction",
              "found_fields": {
                "dateOfIssue": "2022-06-30"
              },
              "not_found_fields": []
            }
          ],
          "mrz": [
            {
              "field_name": "mrz",
              "raw_value": {
                "text": "IDD<<L1R2PWKW15<<<<<<<<<<<<<<<\n9903300<2806295D<<2108<<<<<<<1\nWARNKE<<JAN<<<<<<<<<<<<<<<<<<<",
                "confidence": 0.9999828934669495
              },
              "extraction_type": "Pxl",
              "found_fields": {
                "checkDigit": "1",
                "countryCode": "DEU",
                "dateOfBirthCheckDigit": "0",
                "dateOfExpiryCheckDigit": "5",
                "documentNumber": "L1R2PWKW1",
                "documentNumberCheckDigit": "5",
                "documentType": "id",
                "firstName": "JAN",
                "gender": "",
                "lastName": "WARNKE",
                "nationality": "DEU",
                "optionalData1": "",
                "optionalData2": "2108",
                "dateOfBirth": "1999-03-30",
                "dateOfExpiry": "2028-06-29"
              },
              "not_found_fields": [],
              "coordinates": [
                [
                  6,
                  365
                ],
                [
                  929,
                  365
                ],
                [
                  929,
                  603
                ],
                [
                  6,
                  603
                ]
              ],
              "config": {
                "format": 1,
                "lineSizes": [
                  30,
                  30,
                  30
                ],
                "startString": "",
                "startStringExcluded": "",
                "regexCaptureGroups": [
                  [
                    "documentNumberCheckDigit",
                    "optionalData1",
                    "documentType",
                    "countryCode",
                    "documentNumber"
                  ],
                  [
                    "dateOfBirthCheckDigit",
                    "gender",
                    "dateOfBirth",
                    "nationality",
                    "dateOfExpiryCheckDigit",
                    "dateOfExpiry",
                    "optionalData2",
                    "checkDigit"
                  ],
                  [
                    "lastName",
                    "firstName"
                  ]
                ],
                "regexStrings": [
                  "^(?P<documentType>I[ABD-UW-Z0-9<]|^[A|C][A-Z0-9<])(?P<countryCode>[A-Z<]{3})(?P<documentNumber>[A-Z0-9<]{9})(?P<documentNumberCheckDigit>[0-9<]{1})(?P<optionalData1>[A-Z0-9<]{15}$)",
                  "^(?P<dateOfBirth>[0-9]{6})(?P<dateOfBirthCheckDigit>[0-9]{1})(?P<gender>[M|F|X|<]{1})(?P<dateOfExpiry>[0-9]{6})(?P<dateOfExpiryCheckDigit>[0-9]{1})(?P<nationality>[A-Z<]{3})(?P<optionalData2>[A-Z0-9<]{11})(?P<checkDigit>[0-9]{1}$)",
                  "^(?P<lastName>[A-Z0-9]+(?:<[A-Z0-9]+)*)?<<(?P<firstName>[A-Z0-9]+(?:<[A-Z0-9]+)*)?<*$"
                ],
                "groupsToMatch": [
                  [
                    [
                      0,
                      "documentNumber"
                    ]
                  ],
                  [
                    [
                      1,
                      "dateOfBirth"
                    ]
                  ],
                  [
                    [
                      1,
                      "dateOfExpiry"
                    ]
                  ],
                  [
                    [
                      0,
                      "documentNumber"
                    ],
                    [
                      0,
                      "documentNumberCheckDigit"
                    ],
                    [
                      0,
                      "optionalData1"
                    ],
                    [
                      1,
                      "dateOfBirth"
                    ],
                    [
                      1,
                      "dateOfBirthCheckDigit"
                    ],
                    [
                      1,
                      "dateOfExpiry"
                    ],
                    [
                      1,
                      "dateOfExpiryCheckDigit"
                    ],
                    [
                      1,
                      "optionalData2"
                    ]
                  ]
                ],
                "checkDigitGroupNames": [
                  [
                    0,
                    "documentNumberCheckDigit"
                  ],
                  [
                    1,
                    "dateOfBirthCheckDigit"
                  ],
                  [
                    1,
                    "dateOfExpiryCheckDigit"
                  ],
                  [
                    1,
                    "checkDigit"
                  ]
                ]
              },
              "parsed_text": [
                {
                  "notFailed": {
                    "countryCode": "D<<",
                    "documentNumber": "L1R2PWKW1",
                    "documentNumberCheckDigit": "5",
                    "documentType": "ID",
                    "optionalData1": "<<<<<<<<<<<<<<<"
                  },
                  "failed": []
                },
                {
                  "notFailed": {
                    "checkDigit": "1",
                    "dateOfBirth": "990330",
                    "dateOfBirthCheckDigit": "0",
                    "dateOfExpiry": "280629",
                    "dateOfExpiryCheckDigit": "5",
                    "gender": "<",
                    "nationality": "D<<",
                    "optionalData2": "2108<<<<<<<"
                  },
                  "failed": []
                },
                {
                  "notFailed": {
                    "firstName": "JAN",
                    "lastName": "WARNKE"
                  },
                  "failed": []
                }
              ],
              "template_allows_layout_validation": false,
              "mrz_format": "TD1"
            }
          ],
          "barcode": [],
          "face": [],
          "texture": [
            {
              "field_name": "Bundesdruckerei",
              "coordinates": [
                [
                  717,
                  547
                ],
                [
                  907,
                  547
                ],
                [
                  907,
                  588
                ],
                [
                  717,
                  588
                ]
              ]
            },
            {
              "field_name": "logo",
              "coordinates": [
                [
                  833,
                  228
                ],
                [
                  911,
                  228
                ],
                [
                  911,
                  304
                ],
                [
                  833,
                  304
                ]
              ]
            }
          ],
          "signature": [],
          "corner_detection_input_crop": {
            "x": 2,
            "y": 0,
            "width": 1337,
            "height": 738
          },
          "full_frame_image_path": "fullFrameSecondPage.jpg"
        }
      ],
      "metadata": {
        "processing_timestamp": "2025-08-08T11:42:28",
        "fstid": "1754653348",
        "udid": "123456789",
        "process_id": "2637330142",
        "device_model": "Apple iPhone",
        "os_version": "iOS 18.5",
        "selfie_status": "",
        "ml_consent": ""
      },
      "checks": [
        {
          "name": "AccelerometerIntegrity",
          "status": "Passed",
          "flat_id": "AccelerometerIntegrity-null-null-null-null",
          "scope": "document",
          "sources": [],
          "data": null
        },
        {
          "name": "DocumentExpiry",
          "status": "Passed",
          "flat_id": "DocumentExpiry-null-null-null-null",
          "scope": "document",
          "sources": [],
          "data": null
        },
        {
          "name": "DocumentTypeValidation",
          "status": "Passed",
          "flat_id": "DocumentTypeValidation-null-null-null-null",
          "scope": "document",
          "sources": [],
          "data": null
        },
        {
          "name": "FullFrameCount",
          "status": "Passed",
          "flat_id": "FullFrameCount-null-null-null-null",
          "scope": "document",
          "sources": [],
          "data": null
        },
        {
          "name": "PagesCompatibility",
          "status": "Passed",
          "flat_id": "PagesCompatibility-null-null-null-null",
          "scope": "document",
          "sources": [],
          "data": null
        },
        {
          "name": "PagesCompleteness",
          "status": "Passed",
          "flat_id": "PagesCompleteness-null-null-null-null",
          "scope": "document",
          "sources": [],
          "data": {
            "base_document_name": "deu-id-2021",
            "missing_pages": ""
          }
        },
        {
          "name": "PagesUniqueness",
          "status": "Passed",
          "flat_id": "PagesUniqueness-null-null-null-null",
          "scope": "document",
          "sources": [],
          "data": null
        },
        {
          "name": "DocumentDataConsistency",
          "status": "Passed",
          "flat_id": "DocumentDataConsistency-page-front+back-template-documentCountry",
          "scope": "document",
          "sources": [
            {
              "location": "page",
              "page": 0,
              "group": "template",
              "field": "documentCountry"
            },
            {
              "location": "page",
              "page": 1,
              "group": "template",
              "field": "documentCountry"
            }
          ],
          "data": {
            "field_name": "documentCountry"
          }
        },
        {
          "name": "DocumentDataConsistency",
          "status": "Passed",
          "flat_id": "DocumentDataConsistency-page-front+back-template+mrz-documentType",
          "scope": "document",
          "sources": [
            {
              "location": "page",
              "page": 0,
              "group": "template",
              "field": "documentType"
            },
            {
              "location": "page",
              "page": 1,
              "group": "mrz",
              "field": "documentType"
            }
          ],
          "data": {
            "field_name": "documentType"
          }
        },
        {
          "name": "DocumentDataConsistency",
          "status": "Passed",
          "flat_id": "DocumentDataConsistency-page-front+back-template-documentType",
          "scope": "document",
          "sources": [
            {
              "location": "page",
              "page": 0,
              "group": "template",
              "field": "documentType"
            },
            {
              "location": "page",
              "page": 1,
              "group": "template",
              "field": "documentType"
            }
          ],
          "data": {
            "field_name": "documentType"
          }
        },
        {
          "name": "DocumentDataConsistency",
          "status": "Passed",
          "flat_id": "DocumentDataConsistency-page-front+back-viz+mrz-dateOfBirth",
          "scope": "document",
          "sources": [
            {
              "location": "page",
              "page": 0,
              "group": "viz",
              "field": "dateOfBirth"
            },
            {
              "location": "page",
              "page": 1,
              "group": "mrz",
              "field": "dateOfBirth"
            }
          ],
          "data": {
            "field_name": "dateOfBirth"
          }
        },
        {
          "name": "DocumentDataConsistency",
          "status": "Passed",
          "flat_id": "DocumentDataConsistency-page-front+back-viz+mrz-dateOfExpiry",
          "scope": "document",
          "sources": [
            {
              "location": "page",
              "page": 0,
              "group": "viz",
              "field": "dateOfExpiry"
            },
            {
              "location": "page",
              "page": 1,
              "group": "mrz",
              "field": "dateOfExpiry"
            }
          ],
          "data": {
            "field_name": "dateOfExpiry"
          }
        },
        {
          "name": "DocumentDataConsistency",
          "status": "Passed",
          "flat_id": "DocumentDataConsistency-page-front+back-viz+mrz-documentNumber",
          "scope": "document",
          "sources": [
            {
              "location": "page",
              "page": 0,
              "group": "viz",
              "field": "documentNumber"
            },
            {
              "location": "page",
              "page": 1,
              "group": "mrz",
              "field": "documentNumber"
            }
          ],
          "data": {
            "field_name": "documentNumber"
          }
        },
        {
          "name": "DocumentDataConsistency",
          "status": "Passed",
          "flat_id": "DocumentDataConsistency-page-front+back-viz+mrz-firstName",
          "scope": "document",
          "sources": [
            {
              "location": "page",
              "page": 0,
              "group": "viz",
              "field": "firstName"
            },
            {
              "location": "page",
              "page": 1,
              "group": "mrz",
              "field": "firstName"
            }
          ],
          "data": {
            "field_name": "firstName"
          }
        },
        {
          "name": "DocumentDataConsistency",
          "status": "Passed",
          "flat_id": "DocumentDataConsistency-page-front+back-viz+mrz-lastName",
          "scope": "document",
          "sources": [
            {
              "location": "page",
              "page": 0,
              "group": "viz",
              "field": "lastName"
            },
            {
              "location": "page",
              "page": 1,
              "group": "mrz",
              "field": "lastName"
            }
          ],
          "data": {
            "field_name": "lastName"
          }
        },
        {
          "name": "DocumentDataConsistency",
          "status": "Passed",
          "flat_id": "DocumentDataConsistency-page-back-mrz+template-documentType",
          "scope": "document",
          "sources": [
            {
              "location": "page",
              "page": 1,
              "group": "mrz",
              "field": "documentType"
            },
            {
              "location": "page",
              "page": 1,
              "group": "template",
              "field": "documentType"
            }
          ],
          "data": {
            "field_name": "documentType"
          }
        },
        {
          "name": "ColorModeIntegrity",
          "status": "Passed",
          "flat_id": "ColorModeIntegrity-page-front-null-null",
          "scope": "page",
          "sources": [
            {
              "location": "page",
              "page": 0,
              "group": null,
              "field": null
            }
          ],
          "data": null
        },
        {
          "name": "PageBlurriness",
          "status": "Passed",
          "flat_id": "PageBlurriness-page-front-null-null",
          "scope": "page",
          "sources": [
            {
              "location": "page",
              "page": 0,
              "group": null,
              "field": null
            }
          ],
          "data": null
        },
        {
          "name": "PageClassification",
          "status": "Passed",
          "flat_id": "PageClassification-page-front-null-null",
          "scope": "page",
          "sources": [
            {
              "location": "page",
              "page": 0,
              "group": null,
              "field": null
            }
          ],
          "data": null
        },
        {
          "name": "PageDetection",
          "status": "Passed",
          "flat_id": "PageDetection-page-front-null-null",
          "scope": "page",
          "sources": [
            {
              "location": "page",
              "page": 0,
              "group": null,
              "field": null
            }
          ],
          "data": null
        },
        {
          "name": "PageOrientation",
          "status": "Passed",
          "flat_id": "PageOrientation-page-front-null-null",
          "scope": "page",
          "sources": [
            {
              "location": "page",
              "page": 0,
              "group": null,
              "field": null
            }
          ],
          "data": null
        },
        {
          "name": "PagePositionIntegrity",
          "status": "Passed",
          "flat_id": "PagePositionIntegrity-page-front-null-null",
          "scope": "page",
          "sources": [
            {
              "location": "page",
              "page": 0,
              "group": null,
              "field": null
            }
          ],
          "data": {
            "metadata": {
              "positioningDistanceThreshold": 0.1,
              "desiredRegionFraction": 0.6,
              "isRegionValid": true,
              "desiredPageRegion": {
                "topLeftX": 261,
                "topLeftY": 113,
                "desiredRegionWidth": 819,
                "desiredRegionHeight": 512,
                "horizontalPad": 259,
                "verticalPad": 113,
                "requestedAspectRatio": 1.600000023841858
              }
            },
            "dist_from_desired": 0.01872164734915969
          }
        },
        {
          "name": "PageReflection",
          "status": "Passed",
          "flat_id": "PageReflection-page-front-null-null",
          "scope": "page",
          "sources": [
            {
              "location": "page",
              "page": 0,
              "group": null,
              "field": null
            }
          ],
          "data": null
        },
        {
          "name": "ScreenIntegrity",
          "status": "Passed",
          "flat_id": "ScreenIntegrity-page-front-null-null",
          "scope": "page",
          "sources": [
            {
              "location": "page",
              "page": 0,
              "group": null,
              "field": null
            }
          ],
          "data": null
        },
        {
          "name": "ColorModeIntegrity",
          "status": "Passed",
          "flat_id": "ColorModeIntegrity-page-back-null-null",
          "scope": "page",
          "sources": [
            {
              "location": "page",
              "page": 1,
              "group": null,
              "field": null
            }
          ],
          "data": null
        },
        {
          "name": "PageBlurriness",
          "status": "Passed",
          "flat_id": "PageBlurriness-page-back-null-null",
          "scope": "page",
          "sources": [
            {
              "location": "page",
              "page": 1,
              "group": null,
              "field": null
            }
          ],
          "data": null
        },
        {
          "name": "PageClassification",
          "status": "Passed",
          "flat_id": "PageClassification-page-back-null-null",
          "scope": "page",
          "sources": [
            {
              "location": "page",
              "page": 1,
              "group": null,
              "field": null
            }
          ],
          "data": null
        },
        {
          "name": "PageDetection",
          "status": "Passed",
          "flat_id": "PageDetection-page-back-null-null",
          "scope": "page",
          "sources": [
            {
              "location": "page",
              "page": 1,
              "group": null,
              "field": null
            }
          ],
          "data": null
        },
        {
          "name": "PageOrientation",
          "status": "Passed",
          "flat_id": "PageOrientation-page-back-null-null",
          "scope": "page",
          "sources": [
            {
              "location": "page",
              "page": 1,
              "group": null,
              "field": null
            }
          ],
          "data": null
        },
        {
          "name": "PagePositionIntegrity",
          "status": "Passed",
          "flat_id": "PagePositionIntegrity-page-back-null-null",
          "scope": "page",
          "sources": [
            {
              "location": "page",
              "page": 1,
              "group": null,
              "field": null
            }
          ],
          "data": {
            "metadata": {
              "positioningDistanceThreshold": 0.1,
              "desiredRegionFraction": 0.6,
              "isRegionValid": true,
              "desiredPageRegion": {
                "topLeftX": 261,
                "topLeftY": 113,
                "desiredRegionWidth": 819,
                "desiredRegionHeight": 512,
                "horizontalPad": 259,
                "verticalPad": 113,
                "requestedAspectRatio": 1.600000023841858
              }
            },
            "dist_from_desired": 0.022707283161895915
          }
        },
        {
          "name": "PageReflection",
          "status": "Passed",
          "flat_id": "PageReflection-page-back-null-null",
          "scope": "page",
          "sources": [
            {
              "location": "page",
              "page": 1,
              "group": null,
              "field": null
            }
          ],
          "data": null
        },
        {
          "name": "ScreenIntegrity",
          "status": "Passed",
          "flat_id": "ScreenIntegrity-page-back-null-null",
          "scope": "page",
          "sources": [
            {
              "location": "page",
              "page": 1,
              "group": null,
              "field": null
            }
          ],
          "data": null
        },
        {
          "name": "FaceDetection",
          "status": "Passed",
          "flat_id": "FaceDetection-page-front-face-face",
          "scope": "field",
          "sources": [
            {
              "location": "page",
              "page": 0,
              "group": "face",
              "field": "face"
            }
          ],
          "data": null
        },
        {
          "name": "FaceLayoutIntegrity",
          "status": "Passed",
          "flat_id": "FaceLayoutIntegrity-page-front-face-face",
          "scope": "field",
          "sources": [
            {
              "location": "page",
              "page": 0,
              "group": "face",
              "field": "face"
            }
          ],
          "data": {
            "face_size": 0.10500138252973557,
            "face_center": {
              "x": 0.22074788808822632,
              "y": 0.6307692527770996
            }
          }
        },
        {
          "name": "DateValidation",
          "status": "Passed",
          "flat_id": "DateValidation-page-front-viz-dateOfBirth",
          "scope": "field",
          "sources": [
            {
              "location": "page",
              "page": 0,
              "group": "viz",
              "field": "dateOfBirth"
            }
          ],
          "data": null
        },
        {
          "name": "FormatValidation",
          "status": "Passed",
          "flat_id": "FormatValidation-page-front-viz-dateOfBirth",
          "scope": "field",
          "sources": [
            {
              "location": "page",
              "page": 0,
              "group": "viz",
              "field": "dateOfBirth"
            }
          ],
          "data": null
        },
        {
          "name": "OcrConfidence",
          "status": "Passed",
          "flat_id": "OcrConfidence-page-front-viz-dateOfBirth",
          "scope": "field",
          "sources": [
            {
              "location": "page",
              "page": 0,
              "group": "viz",
              "field": "dateOfBirth"
            }
          ],
          "data": null
        },
        {
          "name": "SpecimenIntegrity",
          "status": "Passed",
          "flat_id": "SpecimenIntegrity-page-front-viz-dateOfBirth",
          "scope": "field",
          "sources": [
            {
              "location": "page",
              "page": 0,
              "group": "viz",
              "field": "dateOfBirth"
            }
          ],
          "data": null
        },
        {
          "name": "DateValidation",
          "status": "Passed",
          "flat_id": "DateValidation-page-front-viz-dateOfExpiry",
          "scope": "field",
          "sources": [
            {
              "location": "page",
              "page": 0,
              "group": "viz",
              "field": "dateOfExpiry"
            }
          ],
          "data": null
        },
        {
          "name": "ExpiryDateValidation",
          "status": "Passed",
          "flat_id": "ExpiryDateValidation-page-front-viz-dateOfExpiry",
          "scope": "field",
          "sources": [
            {
              "location": "page",
              "page": 0,
              "group": "viz",
              "field": "dateOfExpiry"
            }
          ],
          "data": null
        },
        {
          "name": "FormatValidation",
          "status": "Passed",
          "flat_id": "FormatValidation-page-front-viz-dateOfExpiry",
          "scope": "field",
          "sources": [
            {
              "location": "page",
              "page": 0,
              "group": "viz",
              "field": "dateOfExpiry"
            }
          ],
          "data": null
        },
        {
          "name": "OcrConfidence",
          "status": "Passed",
          "flat_id": "OcrConfidence-page-front-viz-dateOfExpiry",
          "scope": "field",
          "sources": [
            {
              "location": "page",
              "page": 0,
              "group": "viz",
              "field": "dateOfExpiry"
            }
          ],
          "data": null
        },
        {
          "name": "SpecimenIntegrity",
          "status": "Passed",
          "flat_id": "SpecimenIntegrity-page-front-viz-dateOfExpiry",
          "scope": "field",
          "sources": [
            {
              "location": "page",
              "page": 0,
              "group": "viz",
              "field": "dateOfExpiry"
            }
          ],
          "data": null
        },
        {
          "name": "FormatValidation",
          "status": "Passed",
          "flat_id": "FormatValidation-page-front-viz-documentNumber",
          "scope": "field",
          "sources": [
            {
              "location": "page",
              "page": 0,
              "group": "viz",
              "field": "documentNumber"
            }
          ],
          "data": null
        },
        {
          "name": "OcrConfidence",
          "status": "Passed",
          "flat_id": "OcrConfidence-page-front-viz-documentNumber",
          "scope": "field",
          "sources": [
            {
              "location": "page",
              "page": 0,
              "group": "viz",
              "field": "documentNumber"
            }
          ],
          "data": null
        },
        {
          "name": "SpecimenIntegrity",
          "status": "Passed",
          "flat_id": "SpecimenIntegrity-page-front-viz-documentNumber",
          "scope": "field",
          "sources": [
            {
              "location": "page",
              "page": 0,
              "group": "viz",
              "field": "documentNumber"
            }
          ],
          "data": null
        },
        {
          "name": "FormatValidation",
          "status": "Passed",
          "flat_id": "FormatValidation-page-front-viz-firstName",
          "scope": "field",
          "sources": [
            {
              "location": "page",
              "page": 0,
              "group": "viz",
              "field": "firstName"
            }
          ],
          "data": null
        },
        {
          "name": "OcrConfidence",
          "status": "Passed",
          "flat_id": "OcrConfidence-page-front-viz-firstName",
          "scope": "field",
          "sources": [
            {
              "location": "page",
              "page": 0,
              "group": "viz",
              "field": "firstName"
            }
          ],
          "data": null
        },
        {
          "name": "SpecimenIntegrity",
          "status": "Passed",
          "flat_id": "SpecimenIntegrity-page-front-viz-firstName",
          "scope": "field",
          "sources": [
            {
              "location": "page",
              "page": 0,
              "group": "viz",
              "field": "firstName"
            }
          ],
          "data": null
        },
        {
          "name": "FormatValidation",
          "status": "Passed",
          "flat_id": "FormatValidation-page-front-viz-lastName",
          "scope": "field",
          "sources": [
            {
              "location": "page",
              "page": 0,
              "group": "viz",
              "field": "lastName"
            }
          ],
          "data": null
        },
        {
          "name": "OcrConfidence",
          "status": "Passed",
          "flat_id": "OcrConfidence-page-front-viz-lastName",
          "scope": "field",
          "sources": [
            {
              "location": "page",
              "page": 0,
              "group": "viz",
              "field": "lastName"
            }
          ],
          "data": null
        },
        {
          "name": "SpecimenIntegrity",
          "status": "Passed",
          "flat_id": "SpecimenIntegrity-page-front-viz-lastName",
          "scope": "field",
          "sources": [
            {
              "location": "page",
              "page": 0,
              "group": "viz",
              "field": "lastName"
            }
          ],
          "data": null
        },
        {
          "name": "FormatValidation",
          "status": "Passed",
          "flat_id": "FormatValidation-page-back-mrz-checkDigit",
          "scope": "field",
          "sources": [
            {
              "location": "page",
              "page": 1,
              "group": "mrz",
              "field": "checkDigit"
            }
          ],
          "data": {
            "field_name": "checkDigit"
          }
        },
        {
          "name": "SpecimenIntegrity",
          "status": "Passed",
          "flat_id": "SpecimenIntegrity-page-back-mrz-checkDigit",
          "scope": "field",
          "sources": [
            {
              "location": "page",
              "page": 1,
              "group": "mrz",
              "field": "checkDigit"
            }
          ],
          "data": null
        },
        {
          "name": "FormatValidation",
          "status": "Passed",
          "flat_id": "FormatValidation-page-back-mrz-countryCode",
          "scope": "field",
          "sources": [
            {
              "location": "page",
              "page": 1,
              "group": "mrz",
              "field": "countryCode"
            }
          ],
          "data": {
            "field_name": "countryCode"
          }
        },
        {
          "name": "SpecimenIntegrity",
          "status": "Passed",
          "flat_id": "SpecimenIntegrity-page-back-mrz-countryCode",
          "scope": "field",
          "sources": [
            {
              "location": "page",
              "page": 1,
              "group": "mrz",
              "field": "countryCode"
            }
          ],
          "data": null
        },
        {
          "name": "FormatValidation",
          "status": "Passed",
          "flat_id": "FormatValidation-page-back-mrz-dateOfBirth",
          "scope": "field",
          "sources": [
            {
              "location": "page",
              "page": 1,
              "group": "mrz",
              "field": "dateOfBirth"
            }
          ],
          "data": {
            "field_name": "dateOfBirth"
          }
        },
        {
          "name": "MrzChecksumIntegrity",
          "status": "Passed",
          "flat_id": "MrzChecksumIntegrity-page-back-mrz-dateOfBirth",
          "scope": "field",
          "sources": [
            {
              "location": "page",
              "page": 1,
              "group": "mrz",
              "field": "dateOfBirth"
            }
          ],
          "data": {
            "field_name": "dateOfBirth",
            "check_digit_field_name": "dateOfBirthCheckDigit"
          }
        },
        {
          "name": "MrzChecksumIntegrity",
          "status": "Passed",
          "flat_id": "MrzChecksumIntegrity-page-back-mrz-dateOfBirth",
          "scope": "field",
          "sources": [
            {
              "location": "page",
              "page": 1,
              "group": "mrz",
              "field": "dateOfBirth"
            }
          ],
          "data": {
            "field_name": "dateOfBirth",
            "check_digit_field_name": "checkDigit"
          }
        },
        {
          "name": "FormatValidation",
          "status": "Passed",
          "flat_id": "FormatValidation-page-back-mrz-dateOfBirthCheckDigit",
          "scope": "field",
          "sources": [
            {
              "location": "page",
              "page": 1,
              "group": "mrz",
              "field": "dateOfBirthCheckDigit"
            }
          ],
          "data": {
            "field_name": "dateOfBirthCheckDigit"
          }
        },
        {
          "name": "MrzChecksumIntegrity",
          "status": "Passed",
          "flat_id": "MrzChecksumIntegrity-page-back-mrz-dateOfBirthCheckDigit",
          "scope": "field",
          "sources": [
            {
              "location": "page",
              "page": 1,
              "group": "mrz",
              "field": "dateOfBirthCheckDigit"
            }
          ],
          "data": {
            "field_name": "dateOfBirthCheckDigit",
            "check_digit_field_name": "checkDigit"
          }
        },
        {
          "name": "SpecimenIntegrity",
          "status": "Passed",
          "flat_id": "SpecimenIntegrity-page-back-mrz-dateOfBirthCheckDigit",
          "scope": "field",
          "sources": [
            {
              "location": "page",
              "page": 1,
              "group": "mrz",
              "field": "dateOfBirthCheckDigit"
            }
          ],
          "data": null
        },
        {
          "name": "FormatValidation",
          "status": "Passed",
          "flat_id": "FormatValidation-page-back-mrz-dateOfExpiry",
          "scope": "field",
          "sources": [
            {
              "location": "page",
              "page": 1,
              "group": "mrz",
              "field": "dateOfExpiry"
            }
          ],
          "data": {
            "field_name": "dateOfExpiry"
          }
        },
        {
          "name": "MrzChecksumIntegrity",
          "status": "Passed",
          "flat_id": "MrzChecksumIntegrity-page-back-mrz-dateOfExpiry",
          "scope": "field",
          "sources": [
            {
              "location": "page",
              "page": 1,
              "group": "mrz",
              "field": "dateOfExpiry"
            }
          ],
          "data": {
            "field_name": "dateOfExpiry",
            "check_digit_field_name": "checkDigit"
          }
        },
        {
          "name": "MrzChecksumIntegrity",
          "status": "Passed",
          "flat_id": "MrzChecksumIntegrity-page-back-mrz-dateOfExpiry",
          "scope": "field",
          "sources": [
            {
              "location": "page",
              "page": 1,
              "group": "mrz",
              "field": "dateOfExpiry"
            }
          ],
          "data": {
            "field_name": "dateOfExpiry",
            "check_digit_field_name": "dateOfExpiryCheckDigit"
          }
        },
        {
          "name": "FormatValidation",
          "status": "Passed",
          "flat_id": "FormatValidation-page-back-mrz-dateOfExpiryCheckDigit",
          "scope": "field",
          "sources": [
            {
              "location": "page",
              "page": 1,
              "group": "mrz",
              "field": "dateOfExpiryCheckDigit"
            }
          ],
          "data": {
            "field_name": "dateOfExpiryCheckDigit"
          }
        },
        {
          "name": "MrzChecksumIntegrity",
          "status": "Passed",
          "flat_id": "MrzChecksumIntegrity-page-back-mrz-dateOfExpiryCheckDigit",
          "scope": "field",
          "sources": [
            {
              "location": "page",
              "page": 1,
              "group": "mrz",
              "field": "dateOfExpiryCheckDigit"
            }
          ],
          "data": {
            "field_name": "dateOfExpiryCheckDigit",
            "check_digit_field_name": "checkDigit"
          }
        },
        {
          "name": "SpecimenIntegrity",
          "status": "Passed",
          "flat_id": "SpecimenIntegrity-page-back-mrz-dateOfExpiryCheckDigit",
          "scope": "field",
          "sources": [
            {
              "location": "page",
              "page": 1,
              "group": "mrz",
              "field": "dateOfExpiryCheckDigit"
            }
          ],
          "data": null
        },
        {
          "name": "FormatValidation",
          "status": "Passed",
          "flat_id": "FormatValidation-page-back-mrz-documentNumber",
          "scope": "field",
          "sources": [
            {
              "location": "page",
              "page": 1,
              "group": "mrz",
              "field": "documentNumber"
            }
          ],
          "data": {
            "field_name": "documentNumber"
          }
        },
        {
          "name": "MrzChecksumIntegrity",
          "status": "Passed",
          "flat_id": "MrzChecksumIntegrity-page-back-mrz-documentNumber",
          "scope": "field",
          "sources": [
            {
              "location": "page",
              "page": 1,
              "group": "mrz",
              "field": "documentNumber"
            }
          ],
          "data": {
            "field_name": "documentNumber",
            "check_digit_field_name": "documentNumberCheckDigit"
          }
        },
        {
          "name": "MrzChecksumIntegrity",
          "status": "Passed",
          "flat_id": "MrzChecksumIntegrity-page-back-mrz-documentNumber",
          "scope": "field",
          "sources": [
            {
              "location": "page",
              "page": 1,
              "group": "mrz",
              "field": "documentNumber"
            }
          ],
          "data": {
            "field_name": "documentNumber",
            "check_digit_field_name": "checkDigit"
          }
        },
        {
          "name": "SpecimenIntegrity",
          "status": "Passed",
          "flat_id": "SpecimenIntegrity-page-back-mrz-documentNumber",
          "scope": "field",
          "sources": [
            {
              "location": "page",
              "page": 1,
              "group": "mrz",
              "field": "documentNumber"
            }
          ],
          "data": null
        },
        {
          "name": "FormatValidation",
          "status": "Passed",
          "flat_id": "FormatValidation-page-back-mrz-documentNumberCheckDigit",
          "scope": "field",
          "sources": [
            {
              "location": "page",
              "page": 1,
              "group": "mrz",
              "field": "documentNumberCheckDigit"
            }
          ],
          "data": {
            "field_name": "documentNumberCheckDigit"
          }
        },
        {
          "name": "MrzChecksumIntegrity",
          "status": "Passed",
          "flat_id": "MrzChecksumIntegrity-page-back-mrz-documentNumberCheckDigit",
          "scope": "field",
          "sources": [
            {
              "location": "page",
              "page": 1,
              "group": "mrz",
              "field": "documentNumberCheckDigit"
            }
          ],
          "data": {
            "field_name": "documentNumberCheckDigit",
            "check_digit_field_name": "checkDigit"
          }
        },
        {
          "name": "SpecimenIntegrity",
          "status": "Passed",
          "flat_id": "SpecimenIntegrity-page-back-mrz-documentNumberCheckDigit",
          "scope": "field",
          "sources": [
            {
              "location": "page",
              "page": 1,
              "group": "mrz",
              "field": "documentNumberCheckDigit"
            }
          ],
          "data": null
        },
        {
          "name": "FormatValidation",
          "status": "Passed",
          "flat_id": "FormatValidation-page-back-mrz-documentType",
          "scope": "field",
          "sources": [
            {
              "location": "page",
              "page": 1,
              "group": "mrz",
              "field": "documentType"
            }
          ],
          "data": {
            "field_name": "documentType"
          }
        },
        {
          "name": "SpecimenIntegrity",
          "status": "Passed",
          "flat_id": "SpecimenIntegrity-page-back-mrz-documentType",
          "scope": "field",
          "sources": [
            {
              "location": "page",
              "page": 1,
              "group": "mrz",
              "field": "documentType"
            }
          ],
          "data": null
        },
        {
          "name": "FormatValidation",
          "status": "Passed",
          "flat_id": "FormatValidation-page-back-mrz-firstName",
          "scope": "field",
          "sources": [
            {
              "location": "page",
              "page": 1,
              "group": "mrz",
              "field": "firstName"
            }
          ],
          "data": {
            "field_name": "firstName"
          }
        },
        {
          "name": "SpecimenIntegrity",
          "status": "Passed",
          "flat_id": "SpecimenIntegrity-page-back-mrz-firstName",
          "scope": "field",
          "sources": [
            {
              "location": "page",
              "page": 1,
              "group": "mrz",
              "field": "firstName"
            }
          ],
          "data": null
        },
        {
          "name": "FormatValidation",
          "status": "Passed",
          "flat_id": "FormatValidation-page-back-mrz-gender",
          "scope": "field",
          "sources": [
            {
              "location": "page",
              "page": 1,
              "group": "mrz",
              "field": "gender"
            }
          ],
          "data": {
            "field_name": "gender"
          }
        },
        {
          "name": "SpecimenIntegrity",
          "status": "Passed",
          "flat_id": "SpecimenIntegrity-page-back-mrz-gender",
          "scope": "field",
          "sources": [
            {
              "location": "page",
              "page": 1,
              "group": "mrz",
              "field": "gender"
            }
          ],
          "data": null
        },
        {
          "name": "FormatValidation",
          "status": "Passed",
          "flat_id": "FormatValidation-page-back-mrz-lastName",
          "scope": "field",
          "sources": [
            {
              "location": "page",
              "page": 1,
              "group": "mrz",
              "field": "lastName"
            }
          ],
          "data": {
            "field_name": "lastName"
          }
        },
        {
          "name": "SpecimenIntegrity",
          "status": "Passed",
          "flat_id": "SpecimenIntegrity-page-back-mrz-lastName",
          "scope": "field",
          "sources": [
            {
              "location": "page",
              "page": 1,
              "group": "mrz",
              "field": "lastName"
            }
          ],
          "data": null
        },
        {
          "name": "FormatValidation",
          "status": "Passed",
          "flat_id": "FormatValidation-page-back-mrz-mrz",
          "scope": "field",
          "sources": [
            {
              "location": "page",
              "page": 1,
              "group": "mrz",
              "field": "mrz"
            }
          ],
          "data": {
            "field_name": "mrz"
          }
        },
        {
          "name": "OcrConfidence",
          "status": "Passed",
          "flat_id": "OcrConfidence-page-back-mrz-mrz",
          "scope": "field",
          "sources": [
            {
              "location": "page",
              "page": 1,
              "group": "mrz",
              "field": "mrz"
            }
          ],
          "data": null
        },
        {
          "name": "FormatValidation",
          "status": "Passed",
          "flat_id": "FormatValidation-page-back-mrz-nationality",
          "scope": "field",
          "sources": [
            {
              "location": "page",
              "page": 1,
              "group": "mrz",
              "field": "nationality"
            }
          ],
          "data": {
            "field_name": "nationality"
          }
        },
        {
          "name": "SpecimenIntegrity",
          "status": "Passed",
          "flat_id": "SpecimenIntegrity-page-back-mrz-nationality",
          "scope": "field",
          "sources": [
            {
              "location": "page",
              "page": 1,
              "group": "mrz",
              "field": "nationality"
            }
          ],
          "data": null
        },
        {
          "name": "FormatValidation",
          "status": "Passed",
          "flat_id": "FormatValidation-page-back-mrz-optionalData1",
          "scope": "field",
          "sources": [
            {
              "location": "page",
              "page": 1,
              "group": "mrz",
              "field": "optionalData1"
            }
          ],
          "data": {
            "field_name": "optionalData1"
          }
        },
        {
          "name": "MrzChecksumIntegrity",
          "status": "Passed",
          "flat_id": "MrzChecksumIntegrity-page-back-mrz-optionalData1",
          "scope": "field",
          "sources": [
            {
              "location": "page",
              "page": 1,
              "group": "mrz",
              "field": "optionalData1"
            }
          ],
          "data": {
            "field_name": "optionalData1",
            "check_digit_field_name": "checkDigit"
          }
        },
        {
          "name": "SpecimenIntegrity",
          "status": "Passed",
          "flat_id": "SpecimenIntegrity-page-back-mrz-optionalData1",
          "scope": "field",
          "sources": [
            {
              "location": "page",
              "page": 1,
              "group": "mrz",
              "field": "optionalData1"
            }
          ],
          "data": null
        },
        {
          "name": "FormatValidation",
          "status": "Passed",
          "flat_id": "FormatValidation-page-back-mrz-optionalData2",
          "scope": "field",
          "sources": [
            {
              "location": "page",
              "page": 1,
              "group": "mrz",
              "field": "optionalData2"
            }
          ],
          "data": {
            "field_name": "optionalData2"
          }
        },
        {
          "name": "MrzChecksumIntegrity",
          "status": "Passed",
          "flat_id": "MrzChecksumIntegrity-page-back-mrz-optionalData2",
          "scope": "field",
          "sources": [
            {
              "location": "page",
              "page": 1,
              "group": "mrz",
              "field": "optionalData2"
            }
          ],
          "data": {
            "field_name": "optionalData2",
            "check_digit_field_name": "checkDigit"
          }
        },
        {
          "name": "SpecimenIntegrity",
          "status": "Passed",
          "flat_id": "SpecimenIntegrity-page-back-mrz-optionalData2",
          "scope": "field",
          "sources": [
            {
              "location": "page",
              "page": 1,
              "group": "mrz",
              "field": "optionalData2"
            }
          ],
          "data": null
        }
      ]
    },
    {
      "process_type": "liveness",
      "failed_checks": [],
      "checks": [
        {
          "name": "FaceLiveness",
          "status": "Passed",
          "flat_id": "FaceLiveness-null-null-null-null",
          "scope": "none",
          "sources": [],
          "data": {
            "score": 0.9932316541671753,
            "threshold": 0.8999999761581421
          }
        }
      ],
      "images": [
        {
          "image_path": "faceAvatar.png",
          "checks": [
            {
              "name": "FaceBlurriness",
              "status": "Passed",
              "flat_id": "FaceBlurriness-null-null-null-null",
              "scope": "none",
              "sources": [],
              "data": null
            },
            {
              "name": "FaceCentering",
              "status": "Passed",
              "flat_id": "FaceCentering-null-null-null-null",
              "scope": "none",
              "sources": [],
              "data": null
            },
            {
              "name": "FaceDetection",
              "status": "Passed",
              "flat_id": "FaceDetection-null-null-null-null",
              "scope": "none",
              "sources": [],
              "data": null
            },
            {
              "name": "FaceExposure",
              "status": "AllowedFailure",
              "flat_id": "FaceExposure-null-null-null-null",
              "scope": "none",
              "sources": [],
              "data": null
            },
            {
              "name": "FaceOrientation",
              "status": "Passed",
              "flat_id": "FaceOrientation-null-null-null-null",
              "scope": "none",
              "sources": [],
              "data": null
            },
            {
              "name": "FaceRatio",
              "status": "Passed",
              "flat_id": "FaceRatio-null-null-null-null",
              "scope": "none",
              "sources": [],
              "data": null
            },
            {
              "name": "FaceReflection",
              "status": "Passed",
              "flat_id": "FaceReflection-null-null-null-null",
              "scope": "none",
              "sources": [],
              "data": null
            }
          ],
          "input_sources": [
            "video.mp4"
          ]
        },
        {
          "image_path": "images/liveness/image_0.png",
          "checks": [
            {
              "name": "FaceBlurriness",
              "status": "Passed",
              "flat_id": "FaceBlurriness-null-null-null-null",
              "scope": "none",
              "sources": [],
              "data": null
            },
            {
              "name": "FaceCentering",
              "status": "Passed",
              "flat_id": "FaceCentering-null-null-null-null",
              "scope": "none",
              "sources": [],
              "data": null
            },
            {
              "name": "FaceDetection",
              "status": "Passed",
              "flat_id": "FaceDetection-null-null-null-null",
              "scope": "none",
              "sources": [],
              "data": null
            },
            {
              "name": "FaceExposure",
              "status": "AllowedFailure",
              "flat_id": "FaceExposure-null-null-null-null",
              "scope": "none",
              "sources": [],
              "data": null
            },
            {
              "name": "FaceOrientation",
              "status": "Passed",
              "flat_id": "FaceOrientation-null-null-null-null",
              "scope": "none",
              "sources": [],
              "data": null
            },
            {
              "name": "FaceRatio",
              "status": "Passed",
              "flat_id": "FaceRatio-null-null-null-null",
              "scope": "none",
              "sources": [],
              "data": null
            },
            {
              "name": "FaceReflection",
              "status": "Passed",
              "flat_id": "FaceReflection-null-null-null-null",
              "scope": "none",
              "sources": [],
              "data": null
            }
          ],
          "input_sources": [
            "video.mp4"
          ]
        },
        {
          "image_path": "images/liveness/image_1.png",
          "checks": [
            {
              "name": "FaceBlurriness",
              "status": "Passed",
              "flat_id": "FaceBlurriness-null-null-null-null",
              "scope": "none",
              "sources": [],
              "data": null
            },
            {
              "name": "FaceCentering",
              "status": "Passed",
              "flat_id": "FaceCentering-null-null-null-null",
              "scope": "none",
              "sources": [],
              "data": null
            },
            {
              "name": "FaceDetection",
              "status": "Passed",
              "flat_id": "FaceDetection-null-null-null-null",
              "scope": "none",
              "sources": [],
              "data": null
            },
            {
              "name": "FaceExposure",
              "status": "AllowedFailure",
              "flat_id": "FaceExposure-null-null-null-null",
              "scope": "none",
              "sources": [],
              "data": null
            },
            {
              "name": "FaceOrientation",
              "status": "Passed",
              "flat_id": "FaceOrientation-null-null-null-null",
              "scope": "none",
              "sources": [],
              "data": null
            },
            {
              "name": "FaceRatio",
              "status": "Passed",
              "flat_id": "FaceRatio-null-null-null-null",
              "scope": "none",
              "sources": [],
              "data": null
            },
            {
              "name": "FaceReflection",
              "status": "Passed",
              "flat_id": "FaceReflection-null-null-null-null",
              "scope": "none",
              "sources": [],
              "data": null
            }
          ],
          "input_sources": [
            "video.mp4"
          ]
        },
        {
          "image_path": "images/liveness/image_2.png",
          "checks": [
            {
              "name": "FaceBlurriness",
              "status": "Passed",
              "flat_id": "FaceBlurriness-null-null-null-null",
              "scope": "none",
              "sources": [],
              "data": null
            },
            {
              "name": "FaceCentering",
              "status": "Passed",
              "flat_id": "FaceCentering-null-null-null-null",
              "scope": "none",
              "sources": [],
              "data": null
            },
            {
              "name": "FaceDetection",
              "status": "Passed",
              "flat_id": "FaceDetection-null-null-null-null",
              "scope": "none",
              "sources": [],
              "data": null
            },
            {
              "name": "FaceExposure",
              "status": "AllowedFailure",
              "flat_id": "FaceExposure-null-null-null-null",
              "scope": "none",
              "sources": [],
              "data": null
            },
            {
              "name": "FaceOrientation",
              "status": "Passed",
              "flat_id": "FaceOrientation-null-null-null-null",
              "scope": "none",
              "sources": [],
              "data": null
            },
            {
              "name": "FaceRatio",
              "status": "Passed",
              "flat_id": "FaceRatio-null-null-null-null",
              "scope": "none",
              "sources": [],
              "data": null
            },
            {
              "name": "FaceReflection",
              "status": "Passed",
              "flat_id": "FaceReflection-null-null-null-null",
              "scope": "none",
              "sources": [],
              "data": null
            }
          ],
          "input_sources": [
            "video.mp4"
          ]
        }
      ],
      "inputs": [
        {
          "image_path": "video.mp4"
        }
      ],
      "engine": 0,
      "metadata": {
        "processing_timestamp": "2025-08-08T11:44:16",
        "fstid": "1754653456",
        "udid": "",
        "process_id": "2637330142",
        "device_model": "",
        "os_version": "",
        "selfie_status": "",
        "ml_consent": ""
      }
    },
    {
      "process_type": "face_verification",
      "failed_checks": [
        {
          "name": "FaceVerification",
          "context": "step"
        }
      ],
      "checks": [
        {
          "name": "FaceVerification",
          "status": "Failed",
          "flat_id": "FaceVerification-null-null-null-null",
          "scope": "none",
          "sources": [],
          "data": {
            "score": -0.07848376035690308,
            "threshold": 0.41600000858306885
          }
        }
      ],
      "images": [
        {
          "image_path": "faceAvatar.png",
          "checks": [
            {
              "name": "FaceBlurriness",
              "status": "Passed",
              "flat_id": "FaceBlurriness-null-null-null-null",
              "scope": "none",
              "sources": [],
              "data": null
            },
            {
              "name": "FaceCentering",
              "status": "Passed",
              "flat_id": "FaceCentering-null-null-null-null",
              "scope": "none",
              "sources": [],
              "data": null
            },
            {
              "name": "FaceDetection",
              "status": "Passed",
              "flat_id": "FaceDetection-null-null-null-null",
              "scope": "none",
              "sources": [],
              "data": null
            },
            {
              "name": "FaceDetection",
              "status": "Passed",
              "flat_id": "FaceDetection-null-null-null-null",
              "scope": "none",
              "sources": [],
              "data": null
            },
            {
              "name": "FaceExposure",
              "status": "AllowedFailure",
              "flat_id": "FaceExposure-null-null-null-null",
              "scope": "none",
              "sources": [],
              "data": null
            },
            {
              "name": "FaceOrientation",
              "status": "Passed",
              "flat_id": "FaceOrientation-null-null-null-null",
              "scope": "none",
              "sources": [],
              "data": null
            },
            {
              "name": "FaceRatio",
              "status": "Passed",
              "flat_id": "FaceRatio-null-null-null-null",
              "scope": "none",
              "sources": [],
              "data": null
            },
            {
              "name": "FaceReflection",
              "status": "Passed",
              "flat_id": "FaceReflection-null-null-null-null",
              "scope": "none",
              "sources": [],
              "data": null
            }
          ],
          "input_sources": [
            "video.mp4"
          ]
        },
        {
          "image_path": "images/face_verification/image_0.png",
          "checks": [
            {
              "name": "FaceDetection",
              "status": "Passed",
              "flat_id": "FaceDetection-null-null-null-null",
              "scope": "none",
              "sources": [],
              "data": null
            }
          ],
          "input_sources": [
            "face.png"
          ]
        },
        {
          "image_path": "images/face_verification/image_1.png",
          "checks": [
            {
              "name": "FaceBlurriness",
              "status": "Passed",
              "flat_id": "FaceBlurriness-null-null-null-null",
              "scope": "none",
              "sources": [],
              "data": null
            },
            {
              "name": "FaceCentering",
              "status": "Passed",
              "flat_id": "FaceCentering-null-null-null-null",
              "scope": "none",
              "sources": [],
              "data": null
            },
            {
              "name": "FaceDetection",
              "status": "Passed",
              "flat_id": "FaceDetection-null-null-null-null",
              "scope": "none",
              "sources": [],
              "data": null
            },
            {
              "name": "FaceDetection",
              "status": "Passed",
              "flat_id": "FaceDetection-null-null-null-null",
              "scope": "none",
              "sources": [],
              "data": null
            },
            {
              "name": "FaceExposure",
              "status": "AllowedFailure",
              "flat_id": "FaceExposure-null-null-null-null",
              "scope": "none",
              "sources": [],
              "data": null
            },
            {
              "name": "FaceOrientation",
              "status": "Passed",
              "flat_id": "FaceOrientation-null-null-null-null",
              "scope": "none",
              "sources": [],
              "data": null
            },
            {
              "name": "FaceRatio",
              "status": "Passed",
              "flat_id": "FaceRatio-null-null-null-null",
              "scope": "none",
              "sources": [],
              "data": null
            },
            {
              "name": "FaceReflection",
              "status": "Passed",
              "flat_id": "FaceReflection-null-null-null-null",
              "scope": "none",
              "sources": [],
              "data": null
            }
          ],
          "input_sources": [
            "video.mp4"
          ]
        }
      ],
      "inputs": [
        {
          "image_path": "face.png"
        },
        {
          "image_path": "images/liveness/faceFromLiveness.png"
        }
      ],
      "engine": 0,
      "metadata": {
        "processing_timestamp": "2025-08-08T11:44:17",
        "fstid": "1754653457",
        "udid": "",
        "process_id": "2637330142",
        "device_model": "",
        "os_version": "",
        "selfie_status": "",
        "ml_consent": ""
      }
    },
    {
      "process_type": "injection_detection",
      "checks": [
        {
          "name": "AccelerometerIntegrity",
          "status": "Passed",
          "flat_id": "AccelerometerIntegrity-null-null-null-null",
          "scope": "document",
          "sources": [],
          "data": null
        }
      ],
      "failed_checks": [],
      "metadata": {
        "processing_timestamp": "2025-08-08T11:44:18",
        "fstid": "1754653458",
        "udid": "",
        "process_id": "2637330142",
        "device_model": "",
        "os_version": "",
        "selfie_status": "",
        "ml_consent": ""
      }
    }
  ]
}
