{
  "identFormat": "1.0.0",
  "transactionCode": "101794721",
  "status": "COMPLETED",
  "flaggedAsFraud": false,
  "forcedManualReview": false,
  "pidDeleted": false,
  "createdAt": "2025-08-12T09:35:16.182Z",
  "updatedAt": "2025-08-12T09:37:44.274Z",
  "metadata": {
    "brandID": "LOR",
    "appID": "ch.pxlvision.ident-qes",
    "sdkVersionId": "v3.10.0-0-gaa48c44c85"
  },
  "configuration": {
    "workflowId": 31,
    "workflowName": "IDV eIDAS",
    "modules": [
      {
        "module": "introLanding",
        "enabled": true
      },
      {
        "module": "introConsents",
        "enabled": true
      },
      {
        "module": "compatibilityCheck",
        "enabled": true,
        "cameraRequired": true,
        "nfcBrowserRequired": false
      },
      {
        "module": "userAuthentication",
        "enabled": false
      },
      {
        "module": "selfDeclaration",
        "enabled": false
      },
      {
        "module": "identityVerification",
        "enabled": true,
        "idScan": true,
        "documentFreshness": true,
        "faceVerification": true,
        "livenessDetection": true,
        "idRecording": {
          "enabled": true,
          "mode": "mandatory"
        },
        "nfcDetection": false,
        "partnerQes": false
      },
      {
        "module": "a4Scan",
        "enabled": false
      },
      {
        "module": "addressCheck",
        "enabled": false,
        "mode": "uiOnly"
      },
      {
        "module": "barcodeScan",
        "enabled": false
      },
      {
        "module": "contractSigning",
        "enabled": false
      },
      {
        "module": "signOnScreen",
        "enabled": false
      },
      {
        "module": "outro",
        "enabled": true
      }
    ],
    "minimumAge": 18
  },
  "userConsent": {
    "termsOfUse": true,
    "privacyPolicyML": true
  },
  "transactionLog": [
    {
      "status": "ACTIVE",
      "timestamp": "2025-08-12T09:35:16.182Z"
    },
    {
      "status": "STARTED",
      "timestamp": "2025-08-12T09:35:33.133Z"
    },
    {
      "status": "TC_ACCEPTED",
      "timestamp": "2025-08-12T09:35:38.351Z"
    },
    {
      "status": "COMPATIBILITY_PASSED",
      "timestamp": "2025-08-12T09:35:43.549Z"
    },
    {
      "status": "DOCUMENT_SCAN_COMPLETED",
      "timestamp": "2025-08-12T09:36:16.620Z"
    },
    {
      "status": "DOCUMENT_RECORDING_COMPLETED",
      "timestamp": "2025-08-12T09:37:07.249Z"
    },
    {
      "status": "SELFIE_COMPLETED",
      "timestamp": "2025-08-12T09:37:44.069Z"
    },
    {
      "status": "IDENTIFICATION_COMPLETED",
      "timestamp": "2025-08-12T09:37:44.202Z"
    },
    {
      "status": "COMPLETED",
      "timestamp": "2025-08-12T09:37:44.274Z"
    }
  ],
  "initialPersonalData": {
    "firstName": "Jan",
    "lastName": "Jan",
    "maidenName": "Jan",
    "gender": "f",
    "birthdate": "1994-09-10",
    "email": "info@jan303.de",
    "phone": "0134567890",
    "nationality": "DEU",
    "address": {
      "street": "Musterstraße 17",
      "houseNumber": "1",
      "addressLine2": "address2",
      "zipCode": "24660",
      "city": "Musterstadt",
      "countryCode": "DEU"
    }
  },
  "device": {
    "model": "Apple iPhone",
    "osVersion": "iOS 18.5",
    "cameras": [
      6
    ]
  },
  "documentVerification": {
    "documents": [
      {
        "processId": "1109575352",
        "FSTID": "1754991368",
        "scanDate": "2025-08-12T09:36:08",
        "files": [
          {
            "filetype": "firstImage",
            "filename": "firstImage.png",
            "SHA512": "12dbdc9804faee9c72ceba7ff915c69a4c6aaf5a046b4cfad9fca4e3ace39f52c311811f00a48cfb323845fcc57fa8712339a753a8c8ae7c05f4da9b9bd83344"
          },
          {
            "filetype": "secondImage",
            "filename": "secondImage.png",
            "SHA512": "328915530554c70073a67a40399a808ed6b472887e2a1678302f1163f9d779f9d862edb2b76ade1fde8226c4a71f0047b065d618833951b68c485f7868e9999e"
          },
          {
            "filetype": "faceImage",
            "filename": "faceImage.png",
            "SHA512": "7d6a8980ec099acdcd4e88693e12da26d78b57f7b9e9557ff8fea00b75aa15d279168a2e4829a7e93b98ebc2ecb968ae3663b76a887299716f939a5d3df7e9f2"
          },
          {
            "filetype": "resultXml",
            "filename": "result.xml",
            "SHA512": "3ed005a9eac76b611b12359fc091c44d1345fb877075a586ab3c0934ec2b1e1f7a57d440a641ef88467be2744dc692c33c54bc9b4cd0cdb43f30d4a32e9101a8"
          },
          {
            "filetype": "InputXml",
            "filename": "input.xml",
            "SHA512": "42f8a7d91e190172d45c6ba1fec0702350ac4c9868554177aabb642d51f4e950f5500d83b8cc25ecfd94df7a3f9d96bd6c8dd0cb6e84bf47a707440232f6ee8d"
          },
          {
            "filetype": "ResultJson",
            "filename": "result.json",
            "SHA512": "f2525d18e35cfe4be9c068af2c65f5656fecc107f9f17236c9d91fb86a42998c96c68fbef652fae8c5197d557a6660272ebaf74d23259a1c7c84d40a12f00a44"
          },
          {
            "filetype": "dvsLog",
            "filename": "session.log",
            "SHA512": "beece19ae6687c0b9d3dc88617cab7b71acf53c53d4b624fdca746c6b2c17bbfb4ee17b65d66115b705b9f3890e97b636409592117b1615c30200d4f4f4f4343"
          },
          {
            "filetype": "signatureImage",
            "filename": "signature.png",
            "SHA512": "ef001b252c8243ba7115e96478593bc770b26472f9bd048a5a8615d1c13ee20d100bffa42e2afe82796ee31ad951ab22654ebd1c2b56edc22a776c5768cb2ff5"
          },
          {
            "filetype": "fullFrameFirstPage",
            "filename": "fullFrameFirstPage.jpg",
            "SHA512": "72f64c5939d0a99e1f204b1073575e07edce1c5f42094849338805668d959e6c861796a4f9fb23db3820748e198ff5488c22c39ccf1746b9d54c8d79ea295c94"
          },
          {
            "filetype": "fullFrameSecondPage",
            "filename": "fullFrameSecondPage.jpg",
            "SHA512": "82fd41122ce329ca35de4bab70f1bba62a513f1e13473256117ba7d46846eb05658c5b2dc8ed64e1dd4ece9975f4c78e4c932bd0ca4699f2a96e6aaa1d80c8f0"
          }
        ],
        "documentTypeClassifier": {
          "classifiedDocumentFirstScan": "deu-id-2021 front",
          "classifiedDocumentSecondScan": "deu-id-2021 back",
          "hasNfc": "unsure",
          "nfcSupported": "yes"
        },
        "mrz": {
          "firstName": "JAN",
          "lastName": "WARNKE",
          "dateOfBirth": "1999-03-30",
          "documentType": "id",
          "documentNumber": "L1R2PWKW1",
          "documentCountry": "DEU",
          "nationality": "DEU",
          "expirationDate": "2028-06-29",
          "mrzLines": {
            "line1": "IDD**L1R2PWKW15***************",
            "line2": "9903300*2806295D**2108*******1",
            "line3": "WARNKE**JAN*******************"
          }
        },
        "viz": {
          "firstName": "JAN",
          "lastName": "WARNKE",
          "dateOfBirth": "1999-03-30",
          "documentType": "id",
          "documentNumber": "L1R2PWKW1",
          "documentCountry": "DEU",
          "nationality": "DEU",
          "expirationDate": "2028-06-29",
          "dateOfIssue": "2022-06-30",
          "placeOfBirth": "NEUMÜNSTER",
          "address": "24620 BÖNEBÜTTELMARDERWEG 17 A",
          "authority": "GEMEINDE BÖNEBÜTTEL"
        },
        "calculatedAge": 26
      }
    ]
  },
  "idRecording": {
    "documents": {
      "id": 1,
      "files": [
        {
          "filetype": "firstVideo",
          "filename": "docRecordside1.mp4",
          "SHA512": "73891bc0ffa6f58d012122196a02123133c80fb3b619d020a0013d21ba8e71a11008bba796e360aa37ba452724a456f604c88ee91ce1725522f3083d22e8511d"
        },
        {
          "filetype": "secondVideo",
          "filename": "docRecordside2.mp4",
          "SHA512": "747135d7b7cee40a4159f2c0257c76d9af87fd2146dca8e21f6236fb02381f34b61b5fb631f83348cf51fff41134ad96971ec943cc5d5996dd25ff340a62bca3"
        }
      ]
    }
  },
  "faceLiveness": {
    "files": [
      {
        "filetype": "faceAvatar",
        "filename": "faceAvatar.png",
        "SHA512": "ec1e539af61bc0e4f98f9f9f68f30d34b6f90606fc9d92480da772534d74a88ac4ca9282a5b987e22906259277ce7cc2b15f0da52f1658eebfcc3ff910ed3cf3"
      },
      {
        "filetype": "selfieVideo",
        "filename": "video.mp4",
        "SHA512": "b73a320503e56d303b2622b68bf0553e13d466cdee6fce8af6fa26eac592447f4a382e933687d19edbe35023cb968cc6407b6cc844fb82fe7d69c8ca8e9565dc"
      }
    ],
    "livenessCheck": {
      "result": "pass",
      "threshold": "90",
      "confidenceLevel": "99",
      "processId": "1109575352",
      "FSTID": "1754991456"
    },
    "faceVerification": {
      "result": "pass",
      "threshold": "41",
      "confidenceLevel": "45",
      "processId": "1109575352",
      "FSTID": "1754991457"
    }
  }
}