<?xml version="1.0" encoding="UTF-8" standalone="yes"?>
<documentScan xmlns="urn:document.scan.ep.PXLBeamOnBoard.net">
  <mrz>
    <firstName>JAN</firstName>
    <lastName>WARNKE</lastName>
    <dateOfBirth>1999-03-30</dateOfBirth>
    <documentType>id</documentType>
    <documentNumber>L1R2PWKW1</documentNumber>
    <documentCountry>DEU</documentCountry>
    <nationality>DEU</nationality>
    <expirationDate>2028-06-29</expirationDate>
    <mrzLines>
      <line1>IDD**L1R2PWKW15***************</line1>
      <line2>9903300*2806295D**2108*******1</line2>
      <line3>WARNKE**JAN*******************</line3>
    </mrzLines>
  </mrz>
  <viz>
    <firstName>JAN</firstName>
    <lastName>WARNKE</lastName>
    <dateOfBirth>1999-03-30</dateOfBirth>
    <documentType>id</documentType>
    <documentNumber>L1R2PWKW1</documentNumber>
    <documentCountry>DEU</documentCountry>
    <nationality>DEU</nationality>
    <expirationDate>2028-06-29</expirationDate>
    <dateOfIssue>2022-06-30</dateOfIssue>
    <placeOfBirth>NEUMÜNSTER</placeOfBirth>
    <address>24620 BÖNEBÜTTELMARDERWEG 17 A</address>
    <authority>GEMEINDE BÖNEBÜTTEL</authority>
  </viz>
  <documentTypeClassifier>
    <classifiedDocumentFirstScan>deu-id-2021 front</classifiedDocumentFirstScan>
    <classifiedDocumentSecondScan>deu-id-2021 back</classifiedDocumentSecondScan>
    <hasNfc>unsure</hasNfc>
    <nfcSupported>yes</nfcSupported>
  </documentTypeClassifier>
  <livenessCheck>
    <result>pass</result>
    <threshold>90</threshold>
    <confidenceLevel>99</confidenceLevel>
    <processId>1109575352</processId>
    <FSTID>1754991456</FSTID>
    <transactionCode>101794721</transactionCode>
  </livenessCheck>
  <faceVerification>
    <result>pass</result>
    <threshold>41</threshold>
    <confidenceLevel>45</confidenceLevel>
    <processId>1109575352</processId>
    <FSTID>1754991457</FSTID>
    <transactionCode>101794721</transactionCode>
  </faceVerification>
  <metadata>
    <processId>1109575352</processId>
    <FSTID>1754991368</FSTID>
    <transactionCode>101794721</transactionCode>
    <scanDate>2025-08-12T09:36:08</scanDate>
    <versionId>v3.10.0-0-gaa48c44c85</versionId>
    <vendorName>PXLVISION</vendorName>
    <appName>PXLBeamOnBoard</appName>
    <udid>123456789</udid>
    <deviceModelType>Apple iPhone</deviceModelType>
    <osVersion>iOS 18.5</osVersion>
    <appID>ch.pxlvision.ident-qes</appID>
    <brandID>LOR</brandID>
  </metadata>
</documentScan>