{
  "identFormat": "1.0.0",
  "transactionCode": "357589807",
  "status": "COMPLETED",
  "flaggedAsFraud": false,
  "forcedManualReview": false,
  "pidDeleted": false,
  "createdAt": "2025-08-19T07:56:00.192Z",
  "updatedAt": "2025-08-19T07:59:29.313Z",
  "metadata": {
    "brandID": "LOR",
    "appID": "ch.pxlvision.ident-qes",
    "sdkVersionId": "v3.10.1-0-gbc4658b0b1"
  },
  "configuration": {
    "workflowId": 31,
    "workflowName": "IDV eIDAS",
    "modules": [
      {
        "module": "introLanding",
        "enabled": true
      },
      {
        "module": "introConsents",
        "enabled": true
      },
      {
        "module": "compatibilityCheck",
        "enabled": true,
        "cameraRequired": true,
        "nfcBrowserRequired": false
      },
      {
        "module": "userAuthentication",
        "enabled": false
      },
      {
        "module": "selfDeclaration",
        "enabled": false
      },
      {
        "module": "identityVerification",
        "enabled": true,
        "idScan": true,
        "documentFreshness": true,
        "faceVerification": true,
        "livenessDetection": true,
        "idRecording": {
          "enabled": true,
          "mode": "mandatory"
        },
        "nfcDetection": false,
        "partnerQes": false
      },
      {
        "module": "a4Scan",
        "enabled": false
      },
      {
        "module": "addressCheck",
        "enabled": false,
        "mode": "uiOnly"
      },
      {
        "module": "barcodeScan",
        "enabled": false
      },
      {
        "module": "contractSigning",
        "enabled": false
      },
      {
        "module": "signOnScreen",
        "enabled": false
      },
      {
        "module": "outro",
        "enabled": true
      }
    ],
    "minimumAge": 18
  },
  "userConsent": {
    "termsOfUse": true,
    "privacyPolicyML": true
  },
  "transactionLog": [
    {
      "status": "ACTIVE",
      "timestamp": "2025-08-19T07:56:00.192Z"
    },
    {
      "status": "STARTED",
      "timestamp": "2025-08-19T07:56:19.721Z"
    },
    {
      "status": "TC_ACCEPTED",
      "timestamp": "2025-08-19T07:56:28.317Z"
    },
    {
      "status": "COMPATIBILITY_FAILED",
      "timestamp": "2025-08-19T07:56:31.007Z"
    },
    {
      "status": "STARTED",
      "timestamp": "2025-08-19T07:56:54.617Z"
    },
    {
      "status": "TC_ACCEPTED",
      "timestamp": "2025-08-19T07:56:59.237Z"
    },
    {
      "status": "COMPATIBILITY_PASSED",
      "timestamp": "2025-08-19T07:57:03.316Z"
    },
    {
      "status": "DOCUMENT_SCAN_COMPLETED",
      "timestamp": "2025-08-19T07:57:40.894Z"
    },
    {
      "status": "DOCUMENT_RECORDING_COMPLETED",
      "timestamp": "2025-08-19T07:58:35.814Z"
    },
    {
      "status": "SELFIE_COMPLETED",
      "timestamp": "2025-08-19T07:59:28.997Z"
    },
    {
      "status": "IDENTIFICATION_COMPLETED",
      "timestamp": "2025-08-19T07:59:29.204Z"
    },
    {
      "status": "COMPLETED",
      "timestamp": "2025-08-19T07:59:29.313Z"
    }
  ],
  "initialPersonalData": {
    "firstName": "Benjamin",
    "lastName": "Riemer",
    "maidenName": "Riemer",
    "gender": "f",
    "birthdate": "1994-09-10",
    "email": "benni.riemer2004@gmail.com",
    "phone": "+4917665993499",
    "nationality": "DEU",
    "address": {
      "street": "Stettiner Straße 27",
      "houseNumber": "1",
      "addressLine2": "address2",
      "zipCode": "24768",
      "city": "Neumünster",
      "countryCode": "DEU"
    }
  },
  "device": {
    "model": "Apple iPhone",
    "osVersion": "iOS 18.5",
    "cameras": [
      2
    ]
  },
  "documentVerification": {
    "documents": [
      {
        "processId": "2222321998",
        "FSTID": "1755590251",
        "scanDate": "2025-08-19T07:57:31",
        "files": [
          {
            "filetype": "firstImage",
            "filename": "firstImage.png",
            "SHA512": "a44617cb4eb9ef6d9cf721c8bbd747152f246c8a5b2819bfd526016cbb60411babf9f6f0a2c903f97b531622c0fc76f0887dafbaea9e7ff578ccfdd4c58038c0"
          },
          {
            "filetype": "secondImage",
            "filename": "secondImage.png",
            "SHA512": "65abfca1eeff2e7abeae0e9dbcf77724186a2284d047d2219aebbcd4613e9a2212313ca202ed5c92136480ef789ad02311ab62a009acc3e23564b0020be2077f"
          },
          {
            "filetype": "faceImage",
            "filename": "faceImage.png",
            "SHA512": "12f4639bd3abf6d14add1b275bfabf03e00bcdc66e55a1981f233fa953aef35e4fc3c1395192bc9b5e0333bf0c95a385ca2e951aa975bde6551cf5f8807bb4ad"
          },
          {
            "filetype": "resultXml",
            "filename": "result.xml",
            "SHA512": "4336211e546ff0ba68b26adada4ed93f98ea84479c1eee2445e732365c60e4ac45d16c2d7319619716ebd10774a9d765644f9ae7d0b1b8c485487f93e5ae82ae"
          },
          {
            "filetype": "InputXml",
            "filename": "input.xml",
            "SHA512": "8747dc13a1c593f0644ae5c1db00d0b6fcb2ddebf5b76e34fbe0961decbeb6a9405a4aaeb64db7efb6f009530a9bcac4021584cd00196d5039b30b22074f5fc8"
          },
          {
            "filetype": "ResultJson",
            "filename": "result.json",
            "SHA512": "6c9246a20efebf3b15faa0df18827cba5b3be98887efcf810dcb2c3a98b9b27b2262b897fe3aafe1f28d265fa9c0b23b7f5f490e0d14b866bf89a7abd327ba3f"
          },
          {
            "filetype": "dvsLog",
            "filename": "session.log",
            "SHA512": "030d9c6da94b5276d26407d757b1adadeb67be2dcfa5421da42c72421d334e9557c5aabb9ebe50856a3f4a0e1270058cf78cb49ec8ef5b69f52ef2dc95db5793"
          },
          {
            "filetype": "signatureImage",
            "filename": "signature.png",
            "SHA512": "1ff2409208995f4b9c85c01f2fe1a2790daf48cb51237a2d50f5d44d2f1bcb6386ea6ade56c42e029e2e9423c13643a0f4c78d0292988c5fc7c2eaeec2c67a56"
          },
          {
            "filetype": "fullFrameFirstPage",
            "filename": "fullFrameFirstPage.jpg",
            "SHA512": "39d01df50a56510d2254ab10a35bb4f0e15595d661ce8be332105c3d27a06d0cc83bbf3d34336d02e61abec847b8c24cdd8c17d4dacca32239a53df383ee8f9a"
          },
          {
            "filetype": "fullFrameSecondPage",
            "filename": "fullFrameSecondPage.jpg",
            "SHA512": "ed0004bff67dd3fd1ed313ace2815e6cce395950ddfc8fecc214a47696d81d1c16a1b091683a0f3a6ed46652ee902a944c59d4f9c477100c77d0ccace67348cc"
          }
        ],
        "documentTypeClassifier": {
          "classifiedDocumentFirstScan": "deu-id-2010 front",
          "classifiedDocumentSecondScan": "deu-id-2010 back",
          "hasNfc": "unsure",
          "nfcSupported": "yes"
        },
        "mrz": {
          "firstName": "BENJAMIN",
          "lastName": "RIEMER",
          "dateOfBirth": "2004-07-30",
          "documentType": "id",
          "documentNumber": "L3PZ6XHFN",
          "documentCountry": "DEU",
          "nationality": "DEU",
          "expirationDate": "2026-08-12",
          "mrzLines": {
            "line1": "IDD**L3PZ6XHFN4***************",
            "line2": "0407300*2608123D*************8",
            "line3": "RIEMER**BENJAMIN**************"
          }
        },
        "viz": {
          "firstName": "BENJAMIN",
          "lastName": "RIEMER",
          "dateOfBirth": "2004-07-30",
          "documentType": "id",
          "documentNumber": "L3PZ6XHFN",
          "documentCountry": "DEU",
          "nationality": "DEU",
          "expirationDate": "2026-08-12",
          "dateOfIssue": "2020-08-13",
          "placeOfBirth": "NEURUPPIN",
          "address": "24768 RendsburgStettiner Straße 27",
          "authority": "AMT NEUSTADT (DOSSE)EINWOHNERMELDEAMTDER AMTSDIREKTOR"
        },
        "calculatedAge": 21
      }
    ]
  },
  "idRecording": {
    "documents": {
      "id": 1,
      "files": [
        {
          "filetype": "firstVideo",
          "filename": "docRecordside1.mp4",
          "SHA512": "e38be288da6e6d3dcba446e4f583d8865a64143783649c88557a5a7c00d50ccd8d8c9c9f9926cf09e4885aff4b26290ded5c020f40abfc879a126019890524e7"
        },
        {
          "filetype": "secondVideo",
          "filename": "docRecordside2.mp4",
          "SHA512": "70822e5aff37719c3787288ab7916a1b0816672f95786219e3b30295f5c7c15b76cf0f5e336e35c1df8811c84f926a9ce3d9d67cea223a244b169aa82ff36011"
        }
      ]
    }
  },
  "faceLiveness": {
    "files": [
      {
        "filetype": "faceAvatar",
        "filename": "faceAvatar.png",
        "SHA512": "1f588f1d8af19f77370944ca880db76c5cc55093bb797697317b4b5f14bc8e60070d991f43da139e5622750a0bb27a6b93fc906372274c9f258a94c7dca02683"
      },
      {
        "filetype": "selfieVideo",
        "filename": "video.mp4",
        "SHA512": "b98a47445db0a9eadd5c05b060d80431356ab975b6dd4190626753deffc754885da6d8f745fd5c7a2f0c74531c187e75e97e7bf71cccff6fd943b6aa099430a9"
      }
    ],
    "livenessCheck": {
      "result": "pass",
      "threshold": "90",
      "confidenceLevel": "99",
      "processId": "2222321998",
      "FSTID": "1755590361"
    },
    "faceVerification": {
      "result": "pass",
      "threshold": "41",
      "confidenceLevel": "61",
      "processId": "2222321998",
      "FSTID": "1755590362"
    }
  }
}