<?xml version="1.0" encoding="UTF-8" standalone="yes"?>
<inputDocScan>
  <documentsData>
    <IdDocuments>
      <document>
        <documentType>passport</documentType>
        <issuerCountry>AFG</issuerCountry>
        <issuerCountry>ALB</issuerCountry>
        <issuerCountry>DZA</issuerCountry>
        <issuerCountry>AND</issuerCountry>
        <issuerCountry>AGO</issuerCountry>
        <issuerCountry>ATG</issuerCountry>
        <issuerCountry>ARG</issuerCountry>
        <issuerCountry>ARM</issuerCountry>
        <issuerCountry>AUS</issuerCountry>
        <issuerCountry>AUT</issuerCountry>
        <issuerCountry>AZE</issuerCountry>
        <issuerCountry>BHS</issuerCountry>
        <issuerCountry>BHR</issuerCountry>
        <issuerCountry>BGD</issuerCountry>
        <issuerCountry>BRB</issuerCountry>
        <issuerCountry>BLR</issuerCountry>
        <issuerCountry>BEL</issuerCountry>
        <issuerCountry>BLZ</issuerCountry>
        <issuerCountry>BEN</issuerCountry>
        <issuerCountry>BTN</issuerCountry>
        <issuerCountry>BOL</issuerCountry>
        <issuerCountry>BIH</issuerCountry>
        <issuerCountry>BWA</issuerCountry>
        <issuerCountry>BRA</issuerCountry>
        <issuerCountry>BRN</issuerCountry>
        <issuerCountry>BGR</issuerCountry>
        <issuerCountry>BFA</issuerCountry>
        <issuerCountry>BDI</issuerCountry>
        <issuerCountry>CPV</issuerCountry>
        <issuerCountry>KHM</issuerCountry>
        <issuerCountry>CMR</issuerCountry>
        <issuerCountry>CAN</issuerCountry>
        <issuerCountry>CAF</issuerCountry>
        <issuerCountry>CHL</issuerCountry>
        <issuerCountry>CHN</issuerCountry>
        <issuerCountry>CRI</issuerCountry>
        <issuerCountry>COL</issuerCountry>
        <issuerCountry>COM</issuerCountry>
        <issuerCountry>COD</issuerCountry>
        <issuerCountry>COG</issuerCountry>
        <issuerCountry>CIV</issuerCountry>
        <issuerCountry>HRV</issuerCountry>
        <issuerCountry>CUB</issuerCountry>
        <issuerCountry>CYP</issuerCountry>
        <issuerCountry>CZE</issuerCountry>
        <issuerCountry>DNK</issuerCountry>
        <issuerCountry>DJI</issuerCountry>
        <issuerCountry>DMA</issuerCountry>
        <issuerCountry>DOM</issuerCountry>
        <issuerCountry>ECU</issuerCountry>
        <issuerCountry>EGY</issuerCountry>
        <issuerCountry>SLV</issuerCountry>
        <issuerCountry>ETH</issuerCountry>
        <issuerCountry>GNQ</issuerCountry>
        <issuerCountry>ERI</issuerCountry>
        <issuerCountry>EST</issuerCountry>
        <issuerCountry>FIN</issuerCountry>
        <issuerCountry>FJI</issuerCountry>
        <issuerCountry>FRA</issuerCountry>
        <issuerCountry>GAB</issuerCountry>
        <issuerCountry>GMB</issuerCountry>
        <issuerCountry>GEO</issuerCountry>
        <issuerCountry>DEU</issuerCountry>
        <issuerCountry>GHA</issuerCountry>
        <issuerCountry>GRC</issuerCountry>
        <issuerCountry>GRD</issuerCountry>
        <issuerCountry>GTM</issuerCountry>
        <issuerCountry>GIN</issuerCountry>
        <issuerCountry>GNB</issuerCountry>
        <issuerCountry>GUY</issuerCountry>
        <issuerCountry>HTI</issuerCountry>
        <issuerCountry>VAT</issuerCountry>
        <issuerCountry>HND</issuerCountry>
        <issuerCountry>HKG</issuerCountry>
        <issuerCountry>HUN</issuerCountry>
        <issuerCountry>ISL</issuerCountry>
        <issuerCountry>IND</issuerCountry>
        <issuerCountry>IDN</issuerCountry>
        <issuerCountry>IRN</issuerCountry>
        <issuerCountry>IRQ</issuerCountry>
        <issuerCountry>IRE</issuerCountry>
        <issuerCountry>ISR</issuerCountry>
        <issuerCountry>ITA</issuerCountry>
        <issuerCountry>JAM</issuerCountry>
        <issuerCountry>JPN</issuerCountry>
        <issuerCountry>JOR</issuerCountry>
        <issuerCountry>KAZ</issuerCountry>
        <issuerCountry>KGZ</issuerCountry>
        <issuerCountry>KEN</issuerCountry>
        <issuerCountry>KIR</issuerCountry>
        <issuerCountry>PRK</issuerCountry>
        <issuerCountry>KOR</issuerCountry>
        <issuerCountry>RKS</issuerCountry>
        <issuerCountry>KWT</issuerCountry>
        <issuerCountry>LAO</issuerCountry>
        <issuerCountry>LSO</issuerCountry>
        <issuerCountry>LVA</issuerCountry>
        <issuerCountry>LBN</issuerCountry>
        <issuerCountry>LBR</issuerCountry>
        <issuerCountry>LBY</issuerCountry>
        <issuerCountry>LIE</issuerCountry>
        <issuerCountry>LTU</issuerCountry>
        <issuerCountry>LUX</issuerCountry>
        <issuerCountry>MAC</issuerCountry>
        <issuerCountry>MDG</issuerCountry>
        <issuerCountry>MWI</issuerCountry>
        <issuerCountry>MYS</issuerCountry>
        <issuerCountry>MDV</issuerCountry>
        <issuerCountry>MLI</issuerCountry>
        <issuerCountry>MLT</issuerCountry>
        <issuerCountry>MEX</issuerCountry>
        <issuerCountry>MNE</issuerCountry>
        <issuerCountry>MAR</issuerCountry>
        <issuerCountry>MHL</issuerCountry>
        <issuerCountry>MRT</issuerCountry>
        <issuerCountry>MUS</issuerCountry>
        <issuerCountry>MDA</issuerCountry>
        <issuerCountry>MCO</issuerCountry>
        <issuerCountry>MNG</issuerCountry>
        <issuerCountry>MOZ</issuerCountry>
        <issuerCountry>NAM</issuerCountry>
        <issuerCountry>NRU</issuerCountry>
        <issuerCountry>NPL</issuerCountry>
        <issuerCountry>NLD</issuerCountry>
        <issuerCountry>NZL</issuerCountry>
        <issuerCountry>NIC</issuerCountry>
        <issuerCountry>NER</issuerCountry>
        <issuerCountry>NGA</issuerCountry>
        <issuerCountry>MNP</issuerCountry>
        <issuerCountry>MKD</issuerCountry>
        <issuerCountry>FSM</issuerCountry>
        <issuerCountry>NOR</issuerCountry>
        <issuerCountry>OMN</issuerCountry>
        <issuerCountry>PAK</issuerCountry>
        <issuerCountry>PSE</issuerCountry>
        <issuerCountry>PLW</issuerCountry>
        <issuerCountry>PAN</issuerCountry>
        <issuerCountry>PNG</issuerCountry>
        <issuerCountry>PRY</issuerCountry>
        <issuerCountry>PER</issuerCountry>
        <issuerCountry>PHL</issuerCountry>
        <issuerCountry>POL</issuerCountry>
        <issuerCountry>PRT</issuerCountry>
        <issuerCountry>QAT</issuerCountry>
        <issuerCountry>ROU</issuerCountry>
        <issuerCountry>RUS</issuerCountry>
        <issuerCountry>RWA</issuerCountry>
        <issuerCountry>WSM</issuerCountry>
        <issuerCountry>SMR</issuerCountry>
        <issuerCountry>STP</issuerCountry>
        <issuerCountry>SAU</issuerCountry>
        <issuerCountry>SEN</issuerCountry>
        <issuerCountry>SRB</issuerCountry>
        <issuerCountry>SYC</issuerCountry>
        <issuerCountry>SLE</issuerCountry>
        <issuerCountry>SGP</issuerCountry>
        <issuerCountry>SVK</issuerCountry>
        <issuerCountry>SVN</issuerCountry>
        <issuerCountry>SLB</issuerCountry>
        <issuerCountry>SOM</issuerCountry>
        <issuerCountry>ZAF</issuerCountry>
        <issuerCountry>ESP</issuerCountry>
        <issuerCountry>LKA</issuerCountry>
        <issuerCountry>KNA</issuerCountry>
        <issuerCountry>LCA</issuerCountry>
        <issuerCountry>VCT</issuerCountry>
        <issuerCountry>SDN</issuerCountry>
        <issuerCountry>SSD</issuerCountry>
        <issuerCountry>SUR</issuerCountry>
        <issuerCountry>SWZ</issuerCountry>
        <issuerCountry>SWE</issuerCountry>
        <issuerCountry>CHE</issuerCountry>
        <issuerCountry>SYR</issuerCountry>
        <issuerCountry>TWN</issuerCountry>
        <issuerCountry>TJK</issuerCountry>
        <issuerCountry>TZA</issuerCountry>
        <issuerCountry>THA</issuerCountry>
        <issuerCountry>TLS</issuerCountry>
        <issuerCountry>TGO</issuerCountry>
        <issuerCountry>TON</issuerCountry>
        <issuerCountry>TTO</issuerCountry>
        <issuerCountry>TCD</issuerCountry>
        <issuerCountry>TUN</issuerCountry>
        <issuerCountry>TUR</issuerCountry>
        <issuerCountry>TKM</issuerCountry>
        <issuerCountry>TUV</issuerCountry>
        <issuerCountry>UGA</issuerCountry>
        <issuerCountry>UKR</issuerCountry>
        <issuerCountry>URY</issuerCountry>
        <issuerCountry>UZB</issuerCountry>
        <issuerCountry>VUT</issuerCountry>
        <issuerCountry>ARE</issuerCountry>
        <issuerCountry>GBR</issuerCountry>
        <issuerCountry>VEN</issuerCountry>
        <issuerCountry>VNM</issuerCountry>
        <issuerCountry>YEM</issuerCountry>
        <issuerCountry>USA</issuerCountry>
        <issuerCountry>ZMB</issuerCountry>
        <issuerCountry>ZWE</issuerCountry>
        <allowedNationality>AFG</allowedNationality>
        <allowedNationality>ALB</allowedNationality>
        <allowedNationality>DZA</allowedNationality>
        <allowedNationality>AND</allowedNationality>
        <allowedNationality>AGO</allowedNationality>
        <allowedNationality>ATG</allowedNationality>
        <allowedNationality>ARG</allowedNationality>
        <allowedNationality>ARM</allowedNationality>
        <allowedNationality>AUS</allowedNationality>
        <allowedNationality>AUT</allowedNationality>
        <allowedNationality>AZE</allowedNationality>
        <allowedNationality>BHS</allowedNationality>
        <allowedNationality>BHR</allowedNationality>
        <allowedNationality>BGD</allowedNationality>
        <allowedNationality>BRB</allowedNationality>
        <allowedNationality>BLR</allowedNationality>
        <allowedNationality>BEL</allowedNationality>
        <allowedNationality>BLZ</allowedNationality>
        <allowedNationality>BEN</allowedNationality>
        <allowedNationality>BTN</allowedNationality>
        <allowedNationality>BOL</allowedNationality>
        <allowedNationality>BIH</allowedNationality>
        <allowedNationality>BWA</allowedNationality>
        <allowedNationality>BRA</allowedNationality>
        <allowedNationality>BRN</allowedNationality>
        <allowedNationality>BGR</allowedNationality>
        <allowedNationality>BFA</allowedNationality>
        <allowedNationality>BDI</allowedNationality>
        <allowedNationality>CPV</allowedNationality>
        <allowedNationality>KHM</allowedNationality>
        <allowedNationality>CMR</allowedNationality>
        <allowedNationality>CAN</allowedNationality>
        <allowedNationality>CAF</allowedNationality>
        <allowedNationality>CHL</allowedNationality>
        <allowedNationality>CHN</allowedNationality>
        <allowedNationality>CRI</allowedNationality>
        <allowedNationality>COL</allowedNationality>
        <allowedNationality>COM</allowedNationality>
        <allowedNationality>COD</allowedNationality>
        <allowedNationality>COG</allowedNationality>
        <allowedNationality>CIV</allowedNationality>
        <allowedNationality>HRV</allowedNationality>
        <allowedNationality>CUB</allowedNationality>
        <allowedNationality>CYP</allowedNationality>
        <allowedNationality>CZE</allowedNationality>
        <allowedNationality>DNK</allowedNationality>
        <allowedNationality>DJI</allowedNationality>
        <allowedNationality>DMA</allowedNationality>
        <allowedNationality>DOM</allowedNationality>
        <allowedNationality>ECU</allowedNationality>
        <allowedNationality>EGY</allowedNationality>
        <allowedNationality>SLV</allowedNationality>
        <allowedNationality>ETH</allowedNationality>
        <allowedNationality>GNQ</allowedNationality>
        <allowedNationality>ERI</allowedNationality>
        <allowedNationality>EST</allowedNationality>
        <allowedNationality>FIN</allowedNationality>
        <allowedNationality>FJI</allowedNationality>
        <allowedNationality>FRA</allowedNationality>
        <allowedNationality>GAB</allowedNationality>
        <allowedNationality>GMB</allowedNationality>
        <allowedNationality>GEO</allowedNationality>
        <allowedNationality>DEU</allowedNationality>
        <allowedNationality>GHA</allowedNationality>
        <allowedNationality>GRC</allowedNationality>
        <allowedNationality>GRD</allowedNationality>
        <allowedNationality>GTM</allowedNationality>
        <allowedNationality>GIN</allowedNationality>
        <allowedNationality>GNB</allowedNationality>
        <allowedNationality>GUY</allowedNationality>
        <allowedNationality>HTI</allowedNationality>
        <allowedNationality>VAT</allowedNationality>
        <allowedNationality>HND</allowedNationality>
        <allowedNationality>HKG</allowedNationality>
        <allowedNationality>HUN</allowedNationality>
        <allowedNationality>ISL</allowedNationality>
        <allowedNationality>IND</allowedNationality>
        <allowedNationality>IDN</allowedNationality>
        <allowedNationality>IRN</allowedNationality>
        <allowedNationality>IRQ</allowedNationality>
        <allowedNationality>IRE</allowedNationality>
        <allowedNationality>ISR</allowedNationality>
        <allowedNationality>ITA</allowedNationality>
        <allowedNationality>JAM</allowedNationality>
        <allowedNationality>JPN</allowedNationality>
        <allowedNationality>JOR</allowedNationality>
        <allowedNationality>KAZ</allowedNationality>
        <allowedNationality>KGZ</allowedNationality>
        <allowedNationality>KEN</allowedNationality>
        <allowedNationality>KIR</allowedNationality>
        <allowedNationality>PRK</allowedNationality>
        <allowedNationality>KOR</allowedNationality>
        <allowedNationality>RKS</allowedNationality>
        <allowedNationality>KWT</allowedNationality>
        <allowedNationality>LAO</allowedNationality>
        <allowedNationality>LSO</allowedNationality>
        <allowedNationality>LVA</allowedNationality>
        <allowedNationality>LBN</allowedNationality>
        <allowedNationality>LBR</allowedNationality>
        <allowedNationality>LBY</allowedNationality>
        <allowedNationality>LIE</allowedNationality>
        <allowedNationality>LTU</allowedNationality>
        <allowedNationality>LUX</allowedNationality>
        <allowedNationality>MAC</allowedNationality>
        <allowedNationality>MDG</allowedNationality>
        <allowedNationality>MWI</allowedNationality>
        <allowedNationality>MYS</allowedNationality>
        <allowedNationality>MDV</allowedNationality>
        <allowedNationality>MLI</allowedNationality>
        <allowedNationality>MLT</allowedNationality>
        <allowedNationality>MEX</allowedNationality>
        <allowedNationality>MNE</allowedNationality>
        <allowedNationality>MAR</allowedNationality>
        <allowedNationality>MHL</allowedNationality>
        <allowedNationality>MRT</allowedNationality>
        <allowedNationality>MUS</allowedNationality>
        <allowedNationality>MDA</allowedNationality>
        <allowedNationality>MCO</allowedNationality>
        <allowedNationality>MNG</allowedNationality>
        <allowedNationality>MOZ</allowedNationality>
        <allowedNationality>NAM</allowedNationality>
        <allowedNationality>NRU</allowedNationality>
        <allowedNationality>NPL</allowedNationality>
        <allowedNationality>NLD</allowedNationality>
        <allowedNationality>NZL</allowedNationality>
        <allowedNationality>NIC</allowedNationality>
        <allowedNationality>NER</allowedNationality>
        <allowedNationality>NGA</allowedNationality>
        <allowedNationality>MNP</allowedNationality>
        <allowedNationality>MKD</allowedNationality>
        <allowedNationality>FSM</allowedNationality>
        <allowedNationality>NOR</allowedNationality>
        <allowedNationality>OMN</allowedNationality>
        <allowedNationality>PAK</allowedNationality>
        <allowedNationality>PSE</allowedNationality>
        <allowedNationality>PLW</allowedNationality>
        <allowedNationality>PAN</allowedNationality>
        <allowedNationality>PNG</allowedNationality>
        <allowedNationality>PRY</allowedNationality>
        <allowedNationality>PER</allowedNationality>
        <allowedNationality>PHL</allowedNationality>
        <allowedNationality>POL</allowedNationality>
        <allowedNationality>PRT</allowedNationality>
        <allowedNationality>QAT</allowedNationality>
        <allowedNationality>ROU</allowedNationality>
        <allowedNationality>RUS</allowedNationality>
        <allowedNationality>RWA</allowedNationality>
        <allowedNationality>WSM</allowedNationality>
        <allowedNationality>SMR</allowedNationality>
        <allowedNationality>STP</allowedNationality>
        <allowedNationality>SAU</allowedNationality>
        <allowedNationality>SEN</allowedNationality>
        <allowedNationality>SRB</allowedNationality>
        <allowedNationality>SYC</allowedNationality>
        <allowedNationality>SLE</allowedNationality>
        <allowedNationality>SGP</allowedNationality>
        <allowedNationality>SVK</allowedNationality>
        <allowedNationality>SVN</allowedNationality>
        <allowedNationality>SLB</allowedNationality>
        <allowedNationality>SOM</allowedNationality>
        <allowedNationality>ZAF</allowedNationality>
        <allowedNationality>ESP</allowedNationality>
        <allowedNationality>LKA</allowedNationality>
        <allowedNationality>KNA</allowedNationality>
        <allowedNationality>LCA</allowedNationality>
        <allowedNationality>VCT</allowedNationality>
        <allowedNationality>SDN</allowedNationality>
        <allowedNationality>SSD</allowedNationality>
        <allowedNationality>SUR</allowedNationality>
        <allowedNationality>SWZ</allowedNationality>
        <allowedNationality>SWE</allowedNationality>
        <allowedNationality>CHE</allowedNationality>
        <allowedNationality>SYR</allowedNationality>
        <allowedNationality>TWN</allowedNationality>
        <allowedNationality>TJK</allowedNationality>
        <allowedNationality>TZA</allowedNationality>
        <allowedNationality>THA</allowedNationality>
        <allowedNationality>TLS</allowedNationality>
        <allowedNationality>TGO</allowedNationality>
        <allowedNationality>TON</allowedNationality>
        <allowedNationality>TTO</allowedNationality>
        <allowedNationality>TCD</allowedNationality>
        <allowedNationality>TUN</allowedNationality>
        <allowedNationality>TUR</allowedNationality>
        <allowedNationality>TKM</allowedNationality>
        <allowedNationality>TUV</allowedNationality>
        <allowedNationality>UGA</allowedNationality>
        <allowedNationality>UKR</allowedNationality>
        <allowedNationality>URY</allowedNationality>
        <allowedNationality>UZB</allowedNationality>
        <allowedNationality>VUT</allowedNationality>
        <allowedNationality>ARE</allowedNationality>
        <allowedNationality>GBR</allowedNationality>
        <allowedNationality>VEN</allowedNationality>
        <allowedNationality>VNM</allowedNationality>
        <allowedNationality>YEM</allowedNationality>
        <allowedNationality>USA</allowedNationality>
        <allowedNationality>ZMB</allowedNationality>
        <allowedNationality>ZWE</allowedNationality>
      </document>
      <document>
        <documentType>id</documentType>
        <issuerCountry>AUT</issuerCountry>
        <issuerCountry>BEL</issuerCountry>
        <issuerCountry>BGR</issuerCountry>
        <issuerCountry>HRV</issuerCountry>
        <issuerCountry>CZE</issuerCountry>
        <issuerCountry>CYP</issuerCountry>
        <issuerCountry>DNK</issuerCountry>
        <issuerCountry>EST</issuerCountry>
        <issuerCountry>FIN</issuerCountry>
        <issuerCountry>FRA</issuerCountry>
        <issuerCountry>DEU</issuerCountry>
        <issuerCountry>GRC</issuerCountry>
        <issuerCountry>ISL</issuerCountry>
        <issuerCountry>IRE</issuerCountry>
        <issuerCountry>HUN</issuerCountry>
        <issuerCountry>ITA</issuerCountry>
        <issuerCountry>LVA</issuerCountry>
        <issuerCountry>LIE</issuerCountry>
        <issuerCountry>LTU</issuerCountry>
        <issuerCountry>LUX</issuerCountry>
        <issuerCountry>MLT</issuerCountry>
        <issuerCountry>MCO</issuerCountry>
        <issuerCountry>NLD</issuerCountry>
        <issuerCountry>NOR</issuerCountry>
        <issuerCountry>POL</issuerCountry>
        <issuerCountry>PRT</issuerCountry>
        <issuerCountry>ROU</issuerCountry>
        <issuerCountry>SVK</issuerCountry>
        <issuerCountry>SVN</issuerCountry>
        <issuerCountry>ESP</issuerCountry>
        <issuerCountry>SWE</issuerCountry>
        <issuerCountry>CHE</issuerCountry>
        <allowedNationality>AUT</allowedNationality>
        <allowedNationality>BEL</allowedNationality>
        <allowedNationality>BGR</allowedNationality>
        <allowedNationality>HRV</allowedNationality>
        <allowedNationality>CZE</allowedNationality>
        <allowedNationality>CYP</allowedNationality>
        <allowedNationality>DNK</allowedNationality>
        <allowedNationality>EST</allowedNationality>
        <allowedNationality>FIN</allowedNationality>
        <allowedNationality>FRA</allowedNationality>
        <allowedNationality>DEU</allowedNationality>
        <allowedNationality>GRC</allowedNationality>
        <allowedNationality>ISL</allowedNationality>
        <allowedNationality>IRE</allowedNationality>
        <allowedNationality>HUN</allowedNationality>
        <allowedNationality>ITA</allowedNationality>
        <allowedNationality>LVA</allowedNationality>
        <allowedNationality>LIE</allowedNationality>
        <allowedNationality>LTU</allowedNationality>
        <allowedNationality>LUX</allowedNationality>
        <allowedNationality>MLT</allowedNationality>
        <allowedNationality>MCO</allowedNationality>
        <allowedNationality>NLD</allowedNationality>
        <allowedNationality>NOR</allowedNationality>
        <allowedNationality>POL</allowedNationality>
        <allowedNationality>PRT</allowedNationality>
        <allowedNationality>ROU</allowedNationality>
        <allowedNationality>SVK</allowedNationality>
        <allowedNationality>SVN</allowedNationality>
        <allowedNationality>ESP</allowedNationality>
        <allowedNationality>SWE</allowedNationality>
        <allowedNationality>CHE</allowedNationality>
      </document>
    </IdDocuments>
    <secondaryIdDocuments>&#xD;
    </secondaryIdDocuments>
  </documentsData>
  <metadata>
    <udid>123456789</udid>
    <deviceModelType>Apple iPhone</deviceModelType>
    <osVersion>iOS 18.5</osVersion>
    <requestId>357589807</requestId>
  </metadata>
</inputDocScan>