{
  "format_version": 0,
  "app_id": "ch.pxlvision.ident-qes",
  "app_name": "PXLBeamOnBoard",
  "version_id": "v3.10.1-0-gbc4658b0b1",
  "vendor": "PXLVISION",
  "brand_id": "LOR",
  "transaction_code": "357589807",
  "request_id": "",
  "order_id": "",
  "steps": [
    {
      "process_type": "idscan",
      "base_document_name": "deu-id-2010",
      "origin_country": "DEU",
      "document_type": "id",
      "accelerometer_attack": false,
      "nfc_prediction": {
        "has_nfc": "unsure",
        "nfc_supported": "yes"
      },
      "summary": {
        "address": "24768 Rendsburg\nStettiner Straße 27",
        "authority": "AMT NEUSTADT (DOSSE)\nEINWOHNERMELDEAMT\nDER AMTSDIREKTOR",
        "countryCode": "DEU",
        "dateOfBirth": "2004-07-30",
        "dateOfExpiry": "2026-08-12",
        "dateOfIssue": "2020-08-13",
        "documentCountry": "DEU",
        "documentNumber": "L3PZ6XHFN",
        "documentType": "id",
        "firstName": "BENJAMIN",
        "lastName": "RIEMER",
        "nationality": "DEU",
        "placeOfBirth": "NEURUPPIN"
      },
      "failed_checks": [],
      "pages": [
        {
          "document": "deu-id-2010",
          "name": "front",
          "index": 0,
          "origin_country": "DEU",
          "document_type": "id",
          "document_material": "",
          "document_location": [
            {
              "x": 811.5004272460938,
              "y": 142.737548828125
            },
            {
              "x": 1676.2545166015625,
              "y": 191.91546630859375
            },
            {
              "x": 1639.8870849609375,
              "y": 736.5264282226563
            },
            {
              "x": 781.7282104492188,
              "y": 686.70703125
            }
          ],
          "image_path": "firstImage.png",
          "grayscale_document": false,
          "page_image_details": {
            "page_blurriness": {
              "result": 0.0018221574136987329,
              "threshold": 2.7470900022308342e-05
            },
            "page_orientation": {
              "result": 545.0,
              "threshold": 949.2999877929688
            },
            "page_reflection": false,
            "screen_integrity": {
              "result": 1.0647251656337176e-05,
              "threshold": 0.5
            },
            "color_mode_integrity": {
              "result": 0.0,
              "threshold": 0.5
            }
          },
          "viz": [
            {
              "field_name": "dateOfBirth",
              "coordinates": [
                [
                  366,
                  245
                ],
                [
                  561,
                  246
                ],
                [
                  560,
                  291
                ],
                [
                  365,
                  290
                ]
              ],
              "raw_value": {
                "text": "30.07.2004",
                "confidence": 0.9999948740005493
              },
              "extraction_type": "Line_Extraction",
              "found_fields": {
                "dateOfBirth": "2004-07-30"
              },
              "not_found_fields": []
            },
            {
              "field_name": "dateOfExpiry",
              "coordinates": [
                [
                  363,
                  378
                ],
                [
                  588,
                  379
                ],
                [
                  587,
                  419
                ],
                [
                  362,
                  418
                ]
              ],
              "raw_value": {
                "text": "12.08.2026",
                "confidence": 0.9999966621398926
              },
              "extraction_type": "Line_Extraction",
              "found_fields": {
                "dateOfExpiry": "2026-08-12"
              },
              "not_found_fields": []
            },
            {
              "field_name": "documentNumber",
              "coordinates": [
                [
                  585,
                  11
                ],
                [
                  841,
                  13
                ],
                [
                  840,
                  66
                ],
                [
                  584,
                  64
                ]
              ],
              "raw_value": {
                "text": "L3PZ6XHFN",
                "confidence": 0.9999427795410156
              },
              "extraction_type": "Line_Extraction",
              "found_fields": {
                "documentNumber": "L3PZ6XHFN"
              },
              "not_found_fields": []
            },
            {
              "field_name": "firstName",
              "coordinates": [
                [
                  367,
                  169
                ],
                [
                  839,
                  173
                ],
                [
                  838,
                  220
                ],
                [
                  366,
                  216
                ]
              ],
              "raw_value": {
                "text": "BENJAMIN",
                "confidence": 0.9999947547912598
              },
              "extraction_type": "Line_Extraction",
              "found_fields": {
                "firstName": "BENJAMIN"
              },
              "not_found_fields": []
            },
            {
              "field_name": "lastName",
              "coordinates": [
                [
                  369,
                  80
                ],
                [
                  854,
                  84
                ],
                [
                  852,
                  161
                ],
                [
                  367,
                  157
                ]
              ],
              "raw_value": {
                "text": "RIEMER",
                "confidence": 0.9999961853027344
              },
              "extraction_type": "Multiline_Extraction",
              "found_fields": {
                "lastName": "RIEMER"
              },
              "not_found_fields": []
            },
            {
              "field_name": "maidenName",
              "coordinates": [
                [
                  368,
                  79
                ],
                [
                  835,
                  82
                ],
                [
                  834,
                  162
                ],
                [
                  366,
                  159
                ]
              ],
              "raw_value": {
                "text": "RIEMER",
                "confidence": 0.9999948143959045
              },
              "extraction_type": "Multiline_Extraction",
              "found_fields": {
                "maidenName": ""
              },
              "not_found_fields": []
            },
            {
              "field_name": "nationality",
              "coordinates": [
                [
                  569,
                  241
                ],
                [
                  796,
                  242
                ],
                [
                  795,
                  290
                ],
                [
                  569,
                  288
                ]
              ],
              "raw_value": {
                "text": "DEUTSCH",
                "confidence": 0.9999937415122986
              },
              "extraction_type": "Line_Extraction",
              "found_fields": {
                "nationality": "DEU"
              },
              "not_found_fields": []
            },
            {
              "field_name": "placeOfBirth",
              "coordinates": [
                [
                  364,
                  307
                ],
                [
                  836,
                  311
                ],
                [
                  835,
                  353
                ],
                [
                  364,
                  350
                ]
              ],
              "raw_value": {
                "text": "NEURUPPIN",
                "confidence": 0.999990701675415
              },
              "extraction_type": "Line_Extraction",
              "found_fields": {
                "placeOfBirth": "NEURUPPIN"
              },
              "not_found_fields": []
            }
          ],
          "mrz": [],
          "barcode": [],
          "face": [
            {
              "field_name": "face",
              "coordinates": [
                [
                  30,
                  106
                ],
                [
                  355,
                  109
                ],
                [
                  347,
                  523
                ],
                [
                  22,
                  520
                ]
              ],
              "detected_face": {
                "bbox": {
                  "x1": 81.80206298828125,
                  "y1": 200.41268920898438,
                  "x2": 286.7060852050781,
                  "y2": 468.95526123046875
                },
                "score": 0.9999845027923584,
                "face_landmarks": {
                  "left_eye": {
                    "x": 145.0863037109375,
                    "y": 311.8937072753906
                  },
                  "right_eye": {
                    "x": 241.16046142578125,
                    "y": 315.45281982421875
                  },
                  "nose": {
                    "x": 194.68966674804688,
                    "y": 364.3695068359375
                  },
                  "mouth_left": {
                    "x": 147.53567504882813,
                    "y": 404.9617919921875
                  },
                  "mouth_right": {
                    "x": 232.09393310546875,
                    "y": 408.68084716796875
                  }
                },
                "source_image_size": {
                  "width": 1207,
                  "height": 763
                }
              },
              "source_image_size": {
                "width": 863,
                "height": 545
              },
              "image_path": "faceImage.png"
            }
          ],
          "texture": [
            {
              "field_name": "BundesrepublicDeutschland",
              "coordinates": [
                [
                  14,
                  7
                ],
                [
                  541,
                  11
                ],
                [
                  540,
                  60
                ],
                [
                  13,
                  57
                ]
              ]
            },
            {
              "field_name": "Personalausweis",
              "coordinates": [
                [
                  13,
                  50
                ],
                [
                  287,
                  52
                ],
                [
                  287,
                  96
                ],
                [
                  12,
                  94
                ]
              ]
            }
          ],
          "signature": [
            {
              "field_name": "signature",
              "coordinates": [
                [
                  363,
                  441
                ],
                [
                  828,
                  444
                ],
                [
                  826,
                  543
                ],
                [
                  361,
                  539
                ]
              ],
              "image_path": "signature.png"
            }
          ],
          "corner_detection_input_crop": {
            "x": 582,
            "y": 98,
            "width": 1337,
            "height": 738
          },
          "full_frame_image_path": "fullFrameFirstPage.jpg"
        },
        {
          "document": "deu-id-2010",
          "name": "back",
          "index": 1,
          "origin_country": "DEU",
          "document_type": "id",
          "document_material": "",
          "document_location": [
            {
              "x": 784.1453857421875,
              "y": 204.562744140625
            },
            {
              "x": 1658.64599609375,
              "y": 189.67247009277344
            },
            {
              "x": 1625.7772216796875,
              "y": 743.7515258789063
            },
            {
              "x": 793.4048461914063,
              "y": 711.58251953125
            }
          ],
          "image_path": "secondImage.png",
          "grayscale_document": false,
          "page_image_details": {
            "page_blurriness": {
              "result": 0.002742182230576873,
              "threshold": 2.7470900022308342e-05
            },
            "page_orientation": {
              "result": 528.0,
              "threshold": 941.5999755859375
            },
            "page_reflection": false,
            "screen_integrity": {
              "result": 1.6004527196855634e-06,
              "threshold": 0.5
            },
            "color_mode_integrity": {
              "result": 0.0,
              "threshold": 0.5
            }
          },
          "viz": [
            {
              "field_name": "address",
              "coordinates": [
                [
                  378,
                  35
                ],
                [
                  821,
                  35
                ],
                [
                  821,
                  180
                ],
                [
                  379,
                  181
                ]
              ],
              "raw_value": {
                "text": "24768 Rendsburg\nStettiner Straße 27",
                "confidence": 0.9998558759689331
              },
              "extraction_type": "Multiline_Extraction",
              "found_fields": {
                "address": "24768 Rendsburg\nStettiner Straße 27"
              },
              "not_found_fields": []
            },
            {
              "field_name": "authority",
              "coordinates": [
                [
                  22,
                  187
                ],
                [
                  374,
                  187
                ],
                [
                  374,
                  278
                ],
                [
                  22,
                  278
                ]
              ],
              "raw_value": {
                "text": "AMT NEUSTADT (DOSSE)\nEINWOHNERMELDEAMT\nDER AMTSDIREKTOR",
                "confidence": 0.999980628490448
              },
              "extraction_type": "Multiline_Extraction",
              "found_fields": {
                "authority": "AMT NEUSTADT (DOSSE)\nEINWOHNERMELDEAMT\nDER AMTSDIREKTOR"
              },
              "not_found_fields": []
            },
            {
              "field_name": "dateOfIssue",
              "coordinates": [
                [
                  23,
                  136
                ],
                [
                  220,
                  135
                ],
                [
                  220,
                  178
                ],
                [
                  24,
                  178
                ]
              ],
              "raw_value": {
                "text": "13.08.20",
                "confidence": 0.9999984502792358
              },
              "extraction_type": "Line_Extraction",
              "found_fields": {
                "dateOfIssue": "2020-08-13"
              },
              "not_found_fields": []
            }
          ],
          "mrz": [
            {
              "field_name": "mrz",
              "raw_value": {
                "text": "IDD<<L3PZ6XHFN4<<<<<<<<<<<<<<<\n0407300<2608123D<<<<<<<<<<<<<8\nRIEMER<<BENJAMIN<<<<<<<<<<<<<<",
                "confidence": 0.9999944567680359
              },
              "extraction_type": "Pxl",
              "found_fields": {
                "checkDigit": "8",
                "countryCode": "DEU",
                "dateOfBirthCheckDigit": "0",
                "dateOfExpiryCheckDigit": "3",
                "documentNumber": "L3PZ6XHFN",
                "documentNumberCheckDigit": "4",
                "documentType": "id",
                "firstName": "BENJAMIN",
                "gender": "",
                "lastName": "RIEMER",
                "nationality": "DEU",
                "optionalData1": "",
                "optionalData2": "",
                "dateOfBirth": "2004-07-30",
                "dateOfExpiry": "2026-08-12"
              },
              "not_found_fields": [],
              "coordinates": [
                [
                  3,
                  324
                ],
                [
                  859,
                  323
                ],
                [
                  859,
                  534
                ],
                [
                  3,
                  535
                ]
              ],
              "config": {
                "format": 1,
                "lineSizes": [
                  30,
                  30,
                  30
                ],
                "startString": "",
                "startStringExcluded": "",
                "regexCaptureGroups": [
                  [
                    "documentNumberCheckDigit",
                    "optionalData1",
                    "documentType",
                    "countryCode",
                    "documentNumber"
                  ],
                  [
                    "dateOfBirthCheckDigit",
                    "gender",
                    "dateOfBirth",
                    "nationality",
                    "dateOfExpiryCheckDigit",
                    "dateOfExpiry",
                    "optionalData2",
                    "checkDigit"
                  ],
                  [
                    "lastName",
                    "firstName"
                  ]
                ],
                "regexStrings": [
                  "^(?P<documentType>I[ABD-UW-Z0-9<]|^[A|C][A-Z0-9<])(?P<countryCode>[A-Z<]{3})(?P<documentNumber>[A-Z0-9<]{9})(?P<documentNumberCheckDigit>[0-9<]{1})(?P<optionalData1>[A-Z0-9<]{15}$)",
                  "^(?P<dateOfBirth>[0-9]{6})(?P<dateOfBirthCheckDigit>[0-9]{1})(?P<gender>[M|F|X|<]{1})(?P<dateOfExpiry>[0-9]{6})(?P<dateOfExpiryCheckDigit>[0-9]{1})(?P<nationality>[A-Z<]{3})(?P<optionalData2>[A-Z0-9<]{11})(?P<checkDigit>[0-9]{1}$)",
                  "^(?P<lastName>[A-Z0-9]+(?:<[A-Z0-9]+)*)?<<(?P<firstName>[A-Z0-9]+(?:<[A-Z0-9]+)*)?<*$"
                ],
                "groupsToMatch": [
                  [
                    [
                      0,
                      "documentNumber"
                    ]
                  ],
                  [
                    [
                      1,
                      "dateOfBirth"
                    ]
                  ],
                  [
                    [
                      1,
                      "dateOfExpiry"
                    ]
                  ],
                  [
                    [
                      0,
                      "documentNumber"
                    ],
                    [
                      0,
                      "documentNumberCheckDigit"
                    ],
                    [
                      0,
                      "optionalData1"
                    ],
                    [
                      1,
                      "dateOfBirth"
                    ],
                    [
                      1,
                      "dateOfBirthCheckDigit"
                    ],
                    [
                      1,
                      "dateOfExpiry"
                    ],
                    [
                      1,
                      "dateOfExpiryCheckDigit"
                    ],
                    [
                      1,
                      "optionalData2"
                    ]
                  ]
                ],
                "checkDigitGroupNames": [
                  [
                    0,
                    "documentNumberCheckDigit"
                  ],
                  [
                    1,
                    "dateOfBirthCheckDigit"
                  ],
                  [
                    1,
                    "dateOfExpiryCheckDigit"
                  ],
                  [
                    1,
                    "checkDigit"
                  ]
                ]
              },
              "parsed_text": [
                {
                  "notFailed": {
                    "countryCode": "D<<",
                    "documentNumber": "L3PZ6XHFN",
                    "documentNumberCheckDigit": "4",
                    "documentType": "ID",
                    "optionalData1": "<<<<<<<<<<<<<<<"
                  },
                  "failed": []
                },
                {
                  "notFailed": {
                    "checkDigit": "8",
                    "dateOfBirth": "040730",
                    "dateOfBirthCheckDigit": "0",
                    "dateOfExpiry": "260812",
                    "dateOfExpiryCheckDigit": "3",
                    "gender": "<",
                    "nationality": "D<<",
                    "optionalData2": "<<<<<<<<<<<"
                  },
                  "failed": []
                },
                {
                  "notFailed": {
                    "firstName": "BENJAMIN",
                    "lastName": "RIEMER"
                  },
                  "failed": []
                }
              ],
              "template_allows_layout_validation": false,
              "mrz_format": "TD1"
            }
          ],
          "barcode": [],
          "face": [],
          "texture": [
            {
              "field_name": "Bundesdruckerei",
              "coordinates": [
                [
                  663,
                  485
                ],
                [
                  839,
                  485
                ],
                [
                  839,
                  521
                ],
                [
                  663,
                  522
                ]
              ]
            },
            {
              "field_name": "logo",
              "coordinates": [
                [
                  769,
                  202
                ],
                [
                  842,
                  202
                ],
                [
                  842,
                  269
                ],
                [
                  770,
                  269
                ]
              ]
            }
          ],
          "signature": [],
          "corner_detection_input_crop": {
            "x": 582,
            "y": 98,
            "width": 1337,
            "height": 738
          },
          "full_frame_image_path": "fullFrameSecondPage.jpg"
        }
      ],
      "metadata": {
        "processing_timestamp": "2025-08-19T07:57:31",
        "fstid": "1755590251",
        "udid": "123456789",
        "process_id": "2222321998",
        "device_model": "Apple iPhone",
        "os_version": "iOS 18.5",
        "selfie_status": "",
        "ml_consent": ""
      },
      "checks": [
        {
          "name": "AccelerometerIntegrity",
          "status": "Passed",
          "flat_id": "AccelerometerIntegrity-null-null-null-null",
          "scope": "document",
          "sources": [],
          "data": null
        },
        {
          "name": "DocumentExpiry",
          "status": "Passed",
          "flat_id": "DocumentExpiry-null-null-null-null",
          "scope": "document",
          "sources": [],
          "data": null
        },
        {
          "name": "DocumentTypeValidation",
          "status": "Passed",
          "flat_id": "DocumentTypeValidation-null-null-null-null",
          "scope": "document",
          "sources": [],
          "data": null
        },
        {
          "name": "FullFrameCount",
          "status": "Passed",
          "flat_id": "FullFrameCount-null-null-null-null",
          "scope": "document",
          "sources": [],
          "data": null
        },
        {
          "name": "PagesCompatibility",
          "status": "Passed",
          "flat_id": "PagesCompatibility-null-null-null-null",
          "scope": "document",
          "sources": [],
          "data": null
        },
        {
          "name": "PagesCompleteness",
          "status": "Passed",
          "flat_id": "PagesCompleteness-null-null-null-null",
          "scope": "document",
          "sources": [],
          "data": {
            "base_document_name": "deu-id-2010",
            "missing_pages": ""
          }
        },
        {
          "name": "PagesUniqueness",
          "status": "Passed",
          "flat_id": "PagesUniqueness-null-null-null-null",
          "scope": "document",
          "sources": [],
          "data": null
        },
        {
          "name": "DocumentDataConsistency",
          "status": "Passed",
          "flat_id": "DocumentDataConsistency-page-front+back-template-documentCountry",
          "scope": "document",
          "sources": [
            {
              "location": "page",
              "page": 0,
              "group": "template",
              "field": "documentCountry"
            },
            {
              "location": "page",
              "page": 1,
              "group": "template",
              "field": "documentCountry"
            }
          ],
          "data": {
            "field_name": "documentCountry"
          }
        },
        {
          "name": "DocumentDataConsistency",
          "status": "Passed",
          "flat_id": "DocumentDataConsistency-page-front+back-template+mrz-documentType",
          "scope": "document",
          "sources": [
            {
              "location": "page",
              "page": 0,
              "group": "template",
              "field": "documentType"
            },
            {
              "location": "page",
              "page": 1,
              "group": "mrz",
              "field": "documentType"
            }
          ],
          "data": {
            "field_name": "documentType"
          }
        },
        {
          "name": "DocumentDataConsistency",
          "status": "Passed",
          "flat_id": "DocumentDataConsistency-page-front+back-template-documentType",
          "scope": "document",
          "sources": [
            {
              "location": "page",
              "page": 0,
              "group": "template",
              "field": "documentType"
            },
            {
              "location": "page",
              "page": 1,
              "group": "template",
              "field": "documentType"
            }
          ],
          "data": {
            "field_name": "documentType"
          }
        },
        {
          "name": "DocumentDataConsistency",
          "status": "Passed",
          "flat_id": "DocumentDataConsistency-page-front+back-viz+mrz-dateOfBirth",
          "scope": "document",
          "sources": [
            {
              "location": "page",
              "page": 0,
              "group": "viz",
              "field": "dateOfBirth"
            },
            {
              "location": "page",
              "page": 1,
              "group": "mrz",
              "field": "dateOfBirth"
            }
          ],
          "data": {
            "field_name": "dateOfBirth"
          }
        },
        {
          "name": "DocumentDataConsistency",
          "status": "Passed",
          "flat_id": "DocumentDataConsistency-page-front+back-viz+mrz-dateOfExpiry",
          "scope": "document",
          "sources": [
            {
              "location": "page",
              "page": 0,
              "group": "viz",
              "field": "dateOfExpiry"
            },
            {
              "location": "page",
              "page": 1,
              "group": "mrz",
              "field": "dateOfExpiry"
            }
          ],
          "data": {
            "field_name": "dateOfExpiry"
          }
        },
        {
          "name": "DocumentDataConsistency",
          "status": "Passed",
          "flat_id": "DocumentDataConsistency-page-front+back-viz+mrz-documentNumber",
          "scope": "document",
          "sources": [
            {
              "location": "page",
              "page": 0,
              "group": "viz",
              "field": "documentNumber"
            },
            {
              "location": "page",
              "page": 1,
              "group": "mrz",
              "field": "documentNumber"
            }
          ],
          "data": {
            "field_name": "documentNumber"
          }
        },
        {
          "name": "DocumentDataConsistency",
          "status": "Passed",
          "flat_id": "DocumentDataConsistency-page-front+back-viz+mrz-firstName",
          "scope": "document",
          "sources": [
            {
              "location": "page",
              "page": 0,
              "group": "viz",
              "field": "firstName"
            },
            {
              "location": "page",
              "page": 1,
              "group": "mrz",
              "field": "firstName"
            }
          ],
          "data": {
            "field_name": "firstName"
          }
        },
        {
          "name": "DocumentDataConsistency",
          "status": "Passed",
          "flat_id": "DocumentDataConsistency-page-front+back-viz+mrz-lastName",
          "scope": "document",
          "sources": [
            {
              "location": "page",
              "page": 0,
              "group": "viz",
              "field": "lastName"
            },
            {
              "location": "page",
              "page": 1,
              "group": "mrz",
              "field": "lastName"
            }
          ],
          "data": {
            "field_name": "lastName"
          }
        },
        {
          "name": "DocumentDataConsistency",
          "status": "Passed",
          "flat_id": "DocumentDataConsistency-page-back-mrz+template-documentType",
          "scope": "document",
          "sources": [
            {
              "location": "page",
              "page": 1,
              "group": "mrz",
              "field": "documentType"
            },
            {
              "location": "page",
              "page": 1,
              "group": "template",
              "field": "documentType"
            }
          ],
          "data": {
            "field_name": "documentType"
          }
        },
        {
          "name": "ColorModeIntegrity",
          "status": "Passed",
          "flat_id": "ColorModeIntegrity-page-front-null-null",
          "scope": "page",
          "sources": [
            {
              "location": "page",
              "page": 0,
              "group": null,
              "field": null
            }
          ],
          "data": null
        },
        {
          "name": "PageBlurriness",
          "status": "Passed",
          "flat_id": "PageBlurriness-page-front-null-null",
          "scope": "page",
          "sources": [
            {
              "location": "page",
              "page": 0,
              "group": null,
              "field": null
            }
          ],
          "data": null
        },
        {
          "name": "PageClassification",
          "status": "Passed",
          "flat_id": "PageClassification-page-front-null-null",
          "scope": "page",
          "sources": [
            {
              "location": "page",
              "page": 0,
              "group": null,
              "field": null
            }
          ],
          "data": null
        },
        {
          "name": "PageDetection",
          "status": "Passed",
          "flat_id": "PageDetection-page-front-null-null",
          "scope": "page",
          "sources": [
            {
              "location": "page",
              "page": 0,
              "group": null,
              "field": null
            }
          ],
          "data": null
        },
        {
          "name": "PageOrientation",
          "status": "Passed",
          "flat_id": "PageOrientation-page-front-null-null",
          "scope": "page",
          "sources": [
            {
              "location": "page",
              "page": 0,
              "group": null,
              "field": null
            }
          ],
          "data": null
        },
        {
          "name": "PagePositionIntegrity",
          "status": "Passed",
          "flat_id": "PagePositionIntegrity-page-front-null-null",
          "scope": "page",
          "sources": [
            {
              "location": "page",
              "page": 0,
              "group": null,
              "field": null
            }
          ],
          "data": {
            "metadata": {
              "positioningDistanceThreshold": 0.1,
              "desiredRegionFraction": 0.6,
              "isRegionValid": true,
              "desiredPageRegion": {
                "topLeftX": 841,
                "topLeftY": 211,
                "desiredRegionWidth": 819,
                "desiredRegionHeight": 512,
                "horizontalPad": 259,
                "verticalPad": 113,
                "requestedAspectRatio": 1.600000023841858
              }
            },
            "dist_from_desired": 0.027027292736450582
          }
        },
        {
          "name": "PageReflection",
          "status": "Passed",
          "flat_id": "PageReflection-page-front-null-null",
          "scope": "page",
          "sources": [
            {
              "location": "page",
              "page": 0,
              "group": null,
              "field": null
            }
          ],
          "data": null
        },
        {
          "name": "ScreenIntegrity",
          "status": "Passed",
          "flat_id": "ScreenIntegrity-page-front-null-null",
          "scope": "page",
          "sources": [
            {
              "location": "page",
              "page": 0,
              "group": null,
              "field": null
            }
          ],
          "data": null
        },
        {
          "name": "ColorModeIntegrity",
          "status": "Passed",
          "flat_id": "ColorModeIntegrity-page-back-null-null",
          "scope": "page",
          "sources": [
            {
              "location": "page",
              "page": 1,
              "group": null,
              "field": null
            }
          ],
          "data": null
        },
        {
          "name": "PageBlurriness",
          "status": "Passed",
          "flat_id": "PageBlurriness-page-back-null-null",
          "scope": "page",
          "sources": [
            {
              "location": "page",
              "page": 1,
              "group": null,
              "field": null
            }
          ],
          "data": null
        },
        {
          "name": "PageClassification",
          "status": "Passed",
          "flat_id": "PageClassification-page-back-null-null",
          "scope": "page",
          "sources": [
            {
              "location": "page",
              "page": 1,
              "group": null,
              "field": null
            }
          ],
          "data": null
        },
        {
          "name": "PageDetection",
          "status": "Passed",
          "flat_id": "PageDetection-page-back-null-null",
          "scope": "page",
          "sources": [
            {
              "location": "page",
              "page": 1,
              "group": null,
              "field": null
            }
          ],
          "data": null
        },
        {
          "name": "PageOrientation",
          "status": "Passed",
          "flat_id": "PageOrientation-page-back-null-null",
          "scope": "page",
          "sources": [
            {
              "location": "page",
              "page": 1,
              "group": null,
              "field": null
            }
          ],
          "data": null
        },
        {
          "name": "PagePositionIntegrity",
          "status": "Passed",
          "flat_id": "PagePositionIntegrity-page-back-null-null",
          "scope": "page",
          "sources": [
            {
              "location": "page",
              "page": 1,
              "group": null,
              "field": null
            }
          ],
          "data": {
            "metadata": {
              "positioningDistanceThreshold": 0.1,
              "desiredRegionFraction": 0.6,
              "isRegionValid": true,
              "desiredPageRegion": {
                "topLeftX": 841,
                "topLeftY": 211,
                "desiredRegionWidth": 819,
                "desiredRegionHeight": 512,
                "horizontalPad": 259,
                "verticalPad": 113,
                "requestedAspectRatio": 1.600000023841858
              }
            },
            "dist_from_desired": 0.02652781868241672
          }
        },
        {
          "name": "PageReflection",
          "status": "Passed",
          "flat_id": "PageReflection-page-back-null-null",
          "scope": "page",
          "sources": [
            {
              "location": "page",
              "page": 1,
              "group": null,
              "field": null
            }
          ],
          "data": null
        },
        {
          "name": "ScreenIntegrity",
          "status": "Passed",
          "flat_id": "ScreenIntegrity-page-back-null-null",
          "scope": "page",
          "sources": [
            {
              "location": "page",
              "page": 1,
              "group": null,
              "field": null
            }
          ],
          "data": null
        },
        {
          "name": "FaceDetection",
          "status": "Passed",
          "flat_id": "FaceDetection-page-front-face-face",
          "scope": "field",
          "sources": [
            {
              "location": "page",
              "page": 0,
              "group": "face",
              "field": "face"
            }
          ],
          "data": null
        },
        {
          "name": "FaceLayoutIntegrity",
          "status": "Passed",
          "flat_id": "FaceLayoutIntegrity-page-front-face-face",
          "scope": "field",
          "sources": [
            {
              "location": "page",
              "page": 0,
              "group": "face",
              "field": "face"
            }
          ],
          "data": {
            "face_size": 0.11624056100845337,
            "face_center": {
              "x": 0.21205098927021027,
              "y": 0.6128440499305725
            }
          }
        },
        {
          "name": "DateValidation",
          "status": "Passed",
          "flat_id": "DateValidation-page-front-viz-dateOfBirth",
          "scope": "field",
          "sources": [
            {
              "location": "page",
              "page": 0,
              "group": "viz",
              "field": "dateOfBirth"
            }
          ],
          "data": null
        },
        {
          "name": "FormatValidation",
          "status": "Passed",
          "flat_id": "FormatValidation-page-front-viz-dateOfBirth",
          "scope": "field",
          "sources": [
            {
              "location": "page",
              "page": 0,
              "group": "viz",
              "field": "dateOfBirth"
            }
          ],
          "data": null
        },
        {
          "name": "OcrConfidence",
          "status": "Passed",
          "flat_id": "OcrConfidence-page-front-viz-dateOfBirth",
          "scope": "field",
          "sources": [
            {
              "location": "page",
              "page": 0,
              "group": "viz",
              "field": "dateOfBirth"
            }
          ],
          "data": null
        },
        {
          "name": "SpecimenIntegrity",
          "status": "Passed",
          "flat_id": "SpecimenIntegrity-page-front-viz-dateOfBirth",
          "scope": "field",
          "sources": [
            {
              "location": "page",
              "page": 0,
              "group": "viz",
              "field": "dateOfBirth"
            }
          ],
          "data": null
        },
        {
          "name": "DateValidation",
          "status": "Passed",
          "flat_id": "DateValidation-page-front-viz-dateOfExpiry",
          "scope": "field",
          "sources": [
            {
              "location": "page",
              "page": 0,
              "group": "viz",
              "field": "dateOfExpiry"
            }
          ],
          "data": null
        },
        {
          "name": "ExpiryDateValidation",
          "status": "Passed",
          "flat_id": "ExpiryDateValidation-page-front-viz-dateOfExpiry",
          "scope": "field",
          "sources": [
            {
              "location": "page",
              "page": 0,
              "group": "viz",
              "field": "dateOfExpiry"
            }
          ],
          "data": null
        },
        {
          "name": "FormatValidation",
          "status": "Passed",
          "flat_id": "FormatValidation-page-front-viz-dateOfExpiry",
          "scope": "field",
          "sources": [
            {
              "location": "page",
              "page": 0,
              "group": "viz",
              "field": "dateOfExpiry"
            }
          ],
          "data": null
        },
        {
          "name": "OcrConfidence",
          "status": "Passed",
          "flat_id": "OcrConfidence-page-front-viz-dateOfExpiry",
          "scope": "field",
          "sources": [
            {
              "location": "page",
              "page": 0,
              "group": "viz",
              "field": "dateOfExpiry"
            }
          ],
          "data": null
        },
        {
          "name": "SpecimenIntegrity",
          "status": "Passed",
          "flat_id": "SpecimenIntegrity-page-front-viz-dateOfExpiry",
          "scope": "field",
          "sources": [
            {
              "location": "page",
              "page": 0,
              "group": "viz",
              "field": "dateOfExpiry"
            }
          ],
          "data": null
        },
        {
          "name": "FormatValidation",
          "status": "Passed",
          "flat_id": "FormatValidation-page-front-viz-documentNumber",
          "scope": "field",
          "sources": [
            {
              "location": "page",
              "page": 0,
              "group": "viz",
              "field": "documentNumber"
            }
          ],
          "data": null
        },
        {
          "name": "OcrConfidence",
          "status": "Passed",
          "flat_id": "OcrConfidence-page-front-viz-documentNumber",
          "scope": "field",
          "sources": [
            {
              "location": "page",
              "page": 0,
              "group": "viz",
              "field": "documentNumber"
            }
          ],
          "data": null
        },
        {
          "name": "SpecimenIntegrity",
          "status": "Passed",
          "flat_id": "SpecimenIntegrity-page-front-viz-documentNumber",
          "scope": "field",
          "sources": [
            {
              "location": "page",
              "page": 0,
              "group": "viz",
              "field": "documentNumber"
            }
          ],
          "data": null
        },
        {
          "name": "FormatValidation",
          "status": "Passed",
          "flat_id": "FormatValidation-page-front-viz-firstName",
          "scope": "field",
          "sources": [
            {
              "location": "page",
              "page": 0,
              "group": "viz",
              "field": "firstName"
            }
          ],
          "data": null
        },
        {
          "name": "OcrConfidence",
          "status": "Passed",
          "flat_id": "OcrConfidence-page-front-viz-firstName",
          "scope": "field",
          "sources": [
            {
              "location": "page",
              "page": 0,
              "group": "viz",
              "field": "firstName"
            }
          ],
          "data": null
        },
        {
          "name": "SpecimenIntegrity",
          "status": "Passed",
          "flat_id": "SpecimenIntegrity-page-front-viz-firstName",
          "scope": "field",
          "sources": [
            {
              "location": "page",
              "page": 0,
              "group": "viz",
              "field": "firstName"
            }
          ],
          "data": null
        },
        {
          "name": "FormatValidation",
          "status": "Passed",
          "flat_id": "FormatValidation-page-front-viz-lastName",
          "scope": "field",
          "sources": [
            {
              "location": "page",
              "page": 0,
              "group": "viz",
              "field": "lastName"
            }
          ],
          "data": null
        },
        {
          "name": "OcrConfidence",
          "status": "Passed",
          "flat_id": "OcrConfidence-page-front-viz-lastName",
          "scope": "field",
          "sources": [
            {
              "location": "page",
              "page": 0,
              "group": "viz",
              "field": "lastName"
            }
          ],
          "data": null
        },
        {
          "name": "SpecimenIntegrity",
          "status": "Passed",
          "flat_id": "SpecimenIntegrity-page-front-viz-lastName",
          "scope": "field",
          "sources": [
            {
              "location": "page",
              "page": 0,
              "group": "viz",
              "field": "lastName"
            }
          ],
          "data": null
        },
        {
          "name": "FormatValidation",
          "status": "Passed",
          "flat_id": "FormatValidation-page-back-mrz-checkDigit",
          "scope": "field",
          "sources": [
            {
              "location": "page",
              "page": 1,
              "group": "mrz",
              "field": "checkDigit"
            }
          ],
          "data": {
            "field_name": "checkDigit"
          }
        },
        {
          "name": "SpecimenIntegrity",
          "status": "Passed",
          "flat_id": "SpecimenIntegrity-page-back-mrz-checkDigit",
          "scope": "field",
          "sources": [
            {
              "location": "page",
              "page": 1,
              "group": "mrz",
              "field": "checkDigit"
            }
          ],
          "data": null
        },
        {
          "name": "FormatValidation",
          "status": "Passed",
          "flat_id": "FormatValidation-page-back-mrz-countryCode",
          "scope": "field",
          "sources": [
            {
              "location": "page",
              "page": 1,
              "group": "mrz",
              "field": "countryCode"
            }
          ],
          "data": {
            "field_name": "countryCode"
          }
        },
        {
          "name": "SpecimenIntegrity",
          "status": "Passed",
          "flat_id": "SpecimenIntegrity-page-back-mrz-countryCode",
          "scope": "field",
          "sources": [
            {
              "location": "page",
              "page": 1,
              "group": "mrz",
              "field": "countryCode"
            }
          ],
          "data": null
        },
        {
          "name": "FormatValidation",
          "status": "Passed",
          "flat_id": "FormatValidation-page-back-mrz-dateOfBirth",
          "scope": "field",
          "sources": [
            {
              "location": "page",
              "page": 1,
              "group": "mrz",
              "field": "dateOfBirth"
            }
          ],
          "data": {
            "field_name": "dateOfBirth"
          }
        },
        {
          "name": "MrzChecksumIntegrity",
          "status": "Passed",
          "flat_id": "MrzChecksumIntegrity-page-back-mrz-dateOfBirth",
          "scope": "field",
          "sources": [
            {
              "location": "page",
              "page": 1,
              "group": "mrz",
              "field": "dateOfBirth"
            }
          ],
          "data": {
            "field_name": "dateOfBirth",
            "check_digit_field_name": "dateOfBirthCheckDigit"
          }
        },
        {
          "name": "MrzChecksumIntegrity",
          "status": "Passed",
          "flat_id": "MrzChecksumIntegrity-page-back-mrz-dateOfBirth",
          "scope": "field",
          "sources": [
            {
              "location": "page",
              "page": 1,
              "group": "mrz",
              "field": "dateOfBirth"
            }
          ],
          "data": {
            "field_name": "dateOfBirth",
            "check_digit_field_name": "checkDigit"
          }
        },
        {
          "name": "FormatValidation",
          "status": "Passed",
          "flat_id": "FormatValidation-page-back-mrz-dateOfBirthCheckDigit",
          "scope": "field",
          "sources": [
            {
              "location": "page",
              "page": 1,
              "group": "mrz",
              "field": "dateOfBirthCheckDigit"
            }
          ],
          "data": {
            "field_name": "dateOfBirthCheckDigit"
          }
        },
        {
          "name": "MrzChecksumIntegrity",
          "status": "Passed",
          "flat_id": "MrzChecksumIntegrity-page-back-mrz-dateOfBirthCheckDigit",
          "scope": "field",
          "sources": [
            {
              "location": "page",
              "page": 1,
              "group": "mrz",
              "field": "dateOfBirthCheckDigit"
            }
          ],
          "data": {
            "field_name": "dateOfBirthCheckDigit",
            "check_digit_field_name": "checkDigit"
          }
        },
        {
          "name": "SpecimenIntegrity",
          "status": "Passed",
          "flat_id": "SpecimenIntegrity-page-back-mrz-dateOfBirthCheckDigit",
          "scope": "field",
          "sources": [
            {
              "location": "page",
              "page": 1,
              "group": "mrz",
              "field": "dateOfBirthCheckDigit"
            }
          ],
          "data": null
        },
        {
          "name": "FormatValidation",
          "status": "Passed",
          "flat_id": "FormatValidation-page-back-mrz-dateOfExpiry",
          "scope": "field",
          "sources": [
            {
              "location": "page",
              "page": 1,
              "group": "mrz",
              "field": "dateOfExpiry"
            }
          ],
          "data": {
            "field_name": "dateOfExpiry"
          }
        },
        {
          "name": "MrzChecksumIntegrity",
          "status": "Passed",
          "flat_id": "MrzChecksumIntegrity-page-back-mrz-dateOfExpiry",
          "scope": "field",
          "sources": [
            {
              "location": "page",
              "page": 1,
              "group": "mrz",
              "field": "dateOfExpiry"
            }
          ],
          "data": {
            "field_name": "dateOfExpiry",
            "check_digit_field_name": "checkDigit"
          }
        },
        {
          "name": "MrzChecksumIntegrity",
          "status": "Passed",
          "flat_id": "MrzChecksumIntegrity-page-back-mrz-dateOfExpiry",
          "scope": "field",
          "sources": [
            {
              "location": "page",
              "page": 1,
              "group": "mrz",
              "field": "dateOfExpiry"
            }
          ],
          "data": {
            "field_name": "dateOfExpiry",
            "check_digit_field_name": "dateOfExpiryCheckDigit"
          }
        },
        {
          "name": "FormatValidation",
          "status": "Passed",
          "flat_id": "FormatValidation-page-back-mrz-dateOfExpiryCheckDigit",
          "scope": "field",
          "sources": [
            {
              "location": "page",
              "page": 1,
              "group": "mrz",
              "field": "dateOfExpiryCheckDigit"
            }
          ],
          "data": {
            "field_name": "dateOfExpiryCheckDigit"
          }
        },
        {
          "name": "MrzChecksumIntegrity",
          "status": "Passed",
          "flat_id": "MrzChecksumIntegrity-page-back-mrz-dateOfExpiryCheckDigit",
          "scope": "field",
          "sources": [
            {
              "location": "page",
              "page": 1,
              "group": "mrz",
              "field": "dateOfExpiryCheckDigit"
            }
          ],
          "data": {
            "field_name": "dateOfExpiryCheckDigit",
            "check_digit_field_name": "checkDigit"
          }
        },
        {
          "name": "SpecimenIntegrity",
          "status": "Passed",
          "flat_id": "SpecimenIntegrity-page-back-mrz-dateOfExpiryCheckDigit",
          "scope": "field",
          "sources": [
            {
              "location": "page",
              "page": 1,
              "group": "mrz",
              "field": "dateOfExpiryCheckDigit"
            }
          ],
          "data": null
        },
        {
          "name": "FormatValidation",
          "status": "Passed",
          "flat_id": "FormatValidation-page-back-mrz-documentNumber",
          "scope": "field",
          "sources": [
            {
              "location": "page",
              "page": 1,
              "group": "mrz",
              "field": "documentNumber"
            }
          ],
          "data": {
            "field_name": "documentNumber"
          }
        },
        {
          "name": "MrzChecksumIntegrity",
          "status": "Passed",
          "flat_id": "MrzChecksumIntegrity-page-back-mrz-documentNumber",
          "scope": "field",
          "sources": [
            {
              "location": "page",
              "page": 1,
              "group": "mrz",
              "field": "documentNumber"
            }
          ],
          "data": {
            "field_name": "documentNumber",
            "check_digit_field_name": "documentNumberCheckDigit"
          }
        },
        {
          "name": "MrzChecksumIntegrity",
          "status": "Passed",
          "flat_id": "MrzChecksumIntegrity-page-back-mrz-documentNumber",
          "scope": "field",
          "sources": [
            {
              "location": "page",
              "page": 1,
              "group": "mrz",
              "field": "documentNumber"
            }
          ],
          "data": {
            "field_name": "documentNumber",
            "check_digit_field_name": "checkDigit"
          }
        },
        {
          "name": "SpecimenIntegrity",
          "status": "Passed",
          "flat_id": "SpecimenIntegrity-page-back-mrz-documentNumber",
          "scope": "field",
          "sources": [
            {
              "location": "page",
              "page": 1,
              "group": "mrz",
              "field": "documentNumber"
            }
          ],
          "data": null
        },
        {
          "name": "FormatValidation",
          "status": "Passed",
          "flat_id": "FormatValidation-page-back-mrz-documentNumberCheckDigit",
          "scope": "field",
          "sources": [
            {
              "location": "page",
              "page": 1,
              "group": "mrz",
              "field": "documentNumberCheckDigit"
            }
          ],
          "data": {
            "field_name": "documentNumberCheckDigit"
          }
        },
        {
          "name": "MrzChecksumIntegrity",
          "status": "Passed",
          "flat_id": "MrzChecksumIntegrity-page-back-mrz-documentNumberCheckDigit",
          "scope": "field",
          "sources": [
            {
              "location": "page",
              "page": 1,
              "group": "mrz",
              "field": "documentNumberCheckDigit"
            }
          ],
          "data": {
            "field_name": "documentNumberCheckDigit",
            "check_digit_field_name": "checkDigit"
          }
        },
        {
          "name": "SpecimenIntegrity",
          "status": "Passed",
          "flat_id": "SpecimenIntegrity-page-back-mrz-documentNumberCheckDigit",
          "scope": "field",
          "sources": [
            {
              "location": "page",
              "page": 1,
              "group": "mrz",
              "field": "documentNumberCheckDigit"
            }
          ],
          "data": null
        },
        {
          "name": "FormatValidation",
          "status": "Passed",
          "flat_id": "FormatValidation-page-back-mrz-documentType",
          "scope": "field",
          "sources": [
            {
              "location": "page",
              "page": 1,
              "group": "mrz",
              "field": "documentType"
            }
          ],
          "data": {
            "field_name": "documentType"
          }
        },
        {
          "name": "SpecimenIntegrity",
          "status": "Passed",
          "flat_id": "SpecimenIntegrity-page-back-mrz-documentType",
          "scope": "field",
          "sources": [
            {
              "location": "page",
              "page": 1,
              "group": "mrz",
              "field": "documentType"
            }
          ],
          "data": null
        },
        {
          "name": "FormatValidation",
          "status": "Passed",
          "flat_id": "FormatValidation-page-back-mrz-firstName",
          "scope": "field",
          "sources": [
            {
              "location": "page",
              "page": 1,
              "group": "mrz",
              "field": "firstName"
            }
          ],
          "data": {
            "field_name": "firstName"
          }
        },
        {
          "name": "SpecimenIntegrity",
          "status": "Passed",
          "flat_id": "SpecimenIntegrity-page-back-mrz-firstName",
          "scope": "field",
          "sources": [
            {
              "location": "page",
              "page": 1,
              "group": "mrz",
              "field": "firstName"
            }
          ],
          "data": null
        },
        {
          "name": "FormatValidation",
          "status": "Passed",
          "flat_id": "FormatValidation-page-back-mrz-gender",
          "scope": "field",
          "sources": [
            {
              "location": "page",
              "page": 1,
              "group": "mrz",
              "field": "gender"
            }
          ],
          "data": {
            "field_name": "gender"
          }
        },
        {
          "name": "SpecimenIntegrity",
          "status": "Passed",
          "flat_id": "SpecimenIntegrity-page-back-mrz-gender",
          "scope": "field",
          "sources": [
            {
              "location": "page",
              "page": 1,
              "group": "mrz",
              "field": "gender"
            }
          ],
          "data": null
        },
        {
          "name": "FormatValidation",
          "status": "Passed",
          "flat_id": "FormatValidation-page-back-mrz-lastName",
          "scope": "field",
          "sources": [
            {
              "location": "page",
              "page": 1,
              "group": "mrz",
              "field": "lastName"
            }
          ],
          "data": {
            "field_name": "lastName"
          }
        },
        {
          "name": "SpecimenIntegrity",
          "status": "Passed",
          "flat_id": "SpecimenIntegrity-page-back-mrz-lastName",
          "scope": "field",
          "sources": [
            {
              "location": "page",
              "page": 1,
              "group": "mrz",
              "field": "lastName"
            }
          ],
          "data": null
        },
        {
          "name": "FormatValidation",
          "status": "Passed",
          "flat_id": "FormatValidation-page-back-mrz-mrz",
          "scope": "field",
          "sources": [
            {
              "location": "page",
              "page": 1,
              "group": "mrz",
              "field": "mrz"
            }
          ],
          "data": {
            "field_name": "mrz"
          }
        },
        {
          "name": "OcrConfidence",
          "status": "Passed",
          "flat_id": "OcrConfidence-page-back-mrz-mrz",
          "scope": "field",
          "sources": [
            {
              "location": "page",
              "page": 1,
              "group": "mrz",
              "field": "mrz"
            }
          ],
          "data": null
        },
        {
          "name": "FormatValidation",
          "status": "Passed",
          "flat_id": "FormatValidation-page-back-mrz-nationality",
          "scope": "field",
          "sources": [
            {
              "location": "page",
              "page": 1,
              "group": "mrz",
              "field": "nationality"
            }
          ],
          "data": {
            "field_name": "nationality"
          }
        },
        {
          "name": "SpecimenIntegrity",
          "status": "Passed",
          "flat_id": "SpecimenIntegrity-page-back-mrz-nationality",
          "scope": "field",
          "sources": [
            {
              "location": "page",
              "page": 1,
              "group": "mrz",
              "field": "nationality"
            }
          ],
          "data": null
        },
        {
          "name": "FormatValidation",
          "status": "Passed",
          "flat_id": "FormatValidation-page-back-mrz-optionalData1",
          "scope": "field",
          "sources": [
            {
              "location": "page",
              "page": 1,
              "group": "mrz",
              "field": "optionalData1"
            }
          ],
          "data": {
            "field_name": "optionalData1"
          }
        },
        {
          "name": "MrzChecksumIntegrity",
          "status": "Passed",
          "flat_id": "MrzChecksumIntegrity-page-back-mrz-optionalData1",
          "scope": "field",
          "sources": [
            {
              "location": "page",
              "page": 1,
              "group": "mrz",
              "field": "optionalData1"
            }
          ],
          "data": {
            "field_name": "optionalData1",
            "check_digit_field_name": "checkDigit"
          }
        },
        {
          "name": "SpecimenIntegrity",
          "status": "Passed",
          "flat_id": "SpecimenIntegrity-page-back-mrz-optionalData1",
          "scope": "field",
          "sources": [
            {
              "location": "page",
              "page": 1,
              "group": "mrz",
              "field": "optionalData1"
            }
          ],
          "data": null
        },
        {
          "name": "FormatValidation",
          "status": "Passed",
          "flat_id": "FormatValidation-page-back-mrz-optionalData2",
          "scope": "field",
          "sources": [
            {
              "location": "page",
              "page": 1,
              "group": "mrz",
              "field": "optionalData2"
            }
          ],
          "data": {
            "field_name": "optionalData2"
          }
        },
        {
          "name": "MrzChecksumIntegrity",
          "status": "Passed",
          "flat_id": "MrzChecksumIntegrity-page-back-mrz-optionalData2",
          "scope": "field",
          "sources": [
            {
              "location": "page",
              "page": 1,
              "group": "mrz",
              "field": "optionalData2"
            }
          ],
          "data": {
            "field_name": "optionalData2",
            "check_digit_field_name": "checkDigit"
          }
        },
        {
          "name": "SpecimenIntegrity",
          "status": "Passed",
          "flat_id": "SpecimenIntegrity-page-back-mrz-optionalData2",
          "scope": "field",
          "sources": [
            {
              "location": "page",
              "page": 1,
              "group": "mrz",
              "field": "optionalData2"
            }
          ],
          "data": null
        }
      ]
    },
    {
      "process_type": "liveness",
      "failed_checks": [],
      "checks": [
        {
          "name": "FaceLiveness",
          "status": "Passed",
          "flat_id": "FaceLiveness-null-null-null-null",
          "scope": "none",
          "sources": [],
          "data": {
            "score": 0.9996434450149536,
            "threshold": 0.8999999761581421
          }
        }
      ],
      "images": [
        {
          "image_path": "faceAvatar.png",
          "checks": [
            {
              "name": "FaceBlurriness",
              "status": "Passed",
              "flat_id": "FaceBlurriness-null-null-null-null",
              "scope": "none",
              "sources": [],
              "data": null
            },
            {
              "name": "FaceCentering",
              "status": "Passed",
              "flat_id": "FaceCentering-null-null-null-null",
              "scope": "none",
              "sources": [],
              "data": null
            },
            {
              "name": "FaceDetection",
              "status": "Passed",
              "flat_id": "FaceDetection-null-null-null-null",
              "scope": "none",
              "sources": [],
              "data": null
            },
            {
              "name": "FaceExposure",
              "status": "AllowedFailure",
              "flat_id": "FaceExposure-null-null-null-null",
              "scope": "none",
              "sources": [],
              "data": null
            },
            {
              "name": "FaceOrientation",
              "status": "Passed",
              "flat_id": "FaceOrientation-null-null-null-null",
              "scope": "none",
              "sources": [],
              "data": null
            },
            {
              "name": "FaceRatio",
              "status": "Passed",
              "flat_id": "FaceRatio-null-null-null-null",
              "scope": "none",
              "sources": [],
              "data": null
            },
            {
              "name": "FaceReflection",
              "status": "Passed",
              "flat_id": "FaceReflection-null-null-null-null",
              "scope": "none",
              "sources": [],
              "data": null
            }
          ],
          "input_sources": [
            "video.mp4"
          ]
        },
        {
          "image_path": "images/liveness/image_0.png",
          "checks": [
            {
              "name": "FaceBlurriness",
              "status": "Passed",
              "flat_id": "FaceBlurriness-null-null-null-null",
              "scope": "none",
              "sources": [],
              "data": null
            },
            {
              "name": "FaceCentering",
              "status": "Passed",
              "flat_id": "FaceCentering-null-null-null-null",
              "scope": "none",
              "sources": [],
              "data": null
            },
            {
              "name": "FaceDetection",
              "status": "Passed",
              "flat_id": "FaceDetection-null-null-null-null",
              "scope": "none",
              "sources": [],
              "data": null
            },
            {
              "name": "FaceExposure",
              "status": "Passed",
              "flat_id": "FaceExposure-null-null-null-null",
              "scope": "none",
              "sources": [],
              "data": null
            },
            {
              "name": "FaceOrientation",
              "status": "Passed",
              "flat_id": "FaceOrientation-null-null-null-null",
              "scope": "none",
              "sources": [],
              "data": null
            },
            {
              "name": "FaceRatio",
              "status": "Passed",
              "flat_id": "FaceRatio-null-null-null-null",
              "scope": "none",
              "sources": [],
              "data": null
            },
            {
              "name": "FaceReflection",
              "status": "Passed",
              "flat_id": "FaceReflection-null-null-null-null",
              "scope": "none",
              "sources": [],
              "data": null
            }
          ],
          "input_sources": [
            "video.mp4"
          ]
        },
        {
          "image_path": "images/liveness/image_1.png",
          "checks": [
            {
              "name": "FaceBlurriness",
              "status": "Passed",
              "flat_id": "FaceBlurriness-null-null-null-null",
              "scope": "none",
              "sources": [],
              "data": null
            },
            {
              "name": "FaceCentering",
              "status": "Passed",
              "flat_id": "FaceCentering-null-null-null-null",
              "scope": "none",
              "sources": [],
              "data": null
            },
            {
              "name": "FaceDetection",
              "status": "Passed",
              "flat_id": "FaceDetection-null-null-null-null",
              "scope": "none",
              "sources": [],
              "data": null
            },
            {
              "name": "FaceExposure",
              "status": "AllowedFailure",
              "flat_id": "FaceExposure-null-null-null-null",
              "scope": "none",
              "sources": [],
              "data": null
            },
            {
              "name": "FaceOrientation",
              "status": "Passed",
              "flat_id": "FaceOrientation-null-null-null-null",
              "scope": "none",
              "sources": [],
              "data": null
            },
            {
              "name": "FaceRatio",
              "status": "Passed",
              "flat_id": "FaceRatio-null-null-null-null",
              "scope": "none",
              "sources": [],
              "data": null
            },
            {
              "name": "FaceReflection",
              "status": "Passed",
              "flat_id": "FaceReflection-null-null-null-null",
              "scope": "none",
              "sources": [],
              "data": null
            }
          ],
          "input_sources": [
            "video.mp4"
          ]
        },
        {
          "image_path": "images/liveness/image_2.png",
          "checks": [
            {
              "name": "FaceBlurriness",
              "status": "Passed",
              "flat_id": "FaceBlurriness-null-null-null-null",
              "scope": "none",
              "sources": [],
              "data": null
            },
            {
              "name": "FaceCentering",
              "status": "Passed",
              "flat_id": "FaceCentering-null-null-null-null",
              "scope": "none",
              "sources": [],
              "data": null
            },
            {
              "name": "FaceDetection",
              "status": "Passed",
              "flat_id": "FaceDetection-null-null-null-null",
              "scope": "none",
              "sources": [],
              "data": null
            },
            {
              "name": "FaceExposure",
              "status": "AllowedFailure",
              "flat_id": "FaceExposure-null-null-null-null",
              "scope": "none",
              "sources": [],
              "data": null
            },
            {
              "name": "FaceOrientation",
              "status": "Passed",
              "flat_id": "FaceOrientation-null-null-null-null",
              "scope": "none",
              "sources": [],
              "data": null
            },
            {
              "name": "FaceRatio",
              "status": "Passed",
              "flat_id": "FaceRatio-null-null-null-null",
              "scope": "none",
              "sources": [],
              "data": null
            },
            {
              "name": "FaceReflection",
              "status": "Passed",
              "flat_id": "FaceReflection-null-null-null-null",
              "scope": "none",
              "sources": [],
              "data": null
            }
          ],
          "input_sources": [
            "video.mp4"
          ]
        }
      ],
      "inputs": [
        {
          "image_path": "video.mp4"
        }
      ],
      "engine": 0,
      "metadata": {
        "processing_timestamp": "2025-08-19T07:59:21",
        "fstid": "1755590361",
        "udid": "",
        "process_id": "2222321998",
        "device_model": "",
        "os_version": "",
        "selfie_status": "",
        "ml_consent": ""
      }
    },
    {
      "process_type": "face_verification",
      "failed_checks": [],
      "checks": [
        {
          "name": "FaceVerification",
          "status": "Passed",
          "flat_id": "FaceVerification-null-null-null-null",
          "scope": "none",
          "sources": [],
          "data": {
            "score": 0.6131002306938171,
            "threshold": 0.41600000858306885
          }
        }
      ],
      "images": [
        {
          "image_path": "faceAvatar.png",
          "checks": [
            {
              "name": "FaceBlurriness",
              "status": "Passed",
              "flat_id": "FaceBlurriness-null-null-null-null",
              "scope": "none",
              "sources": [],
              "data": null
            },
            {
              "name": "FaceCentering",
              "status": "Passed",
              "flat_id": "FaceCentering-null-null-null-null",
              "scope": "none",
              "sources": [],
              "data": null
            },
            {
              "name": "FaceDetection",
              "status": "Passed",
              "flat_id": "FaceDetection-null-null-null-null",
              "scope": "none",
              "sources": [],
              "data": null
            },
            {
              "name": "FaceDetection",
              "status": "Passed",
              "flat_id": "FaceDetection-null-null-null-null",
              "scope": "none",
              "sources": [],
              "data": null
            },
            {
              "name": "FaceExposure",
              "status": "Passed",
              "flat_id": "FaceExposure-null-null-null-null",
              "scope": "none",
              "sources": [],
              "data": null
            },
            {
              "name": "FaceOrientation",
              "status": "Passed",
              "flat_id": "FaceOrientation-null-null-null-null",
              "scope": "none",
              "sources": [],
              "data": null
            },
            {
              "name": "FaceRatio",
              "status": "Passed",
              "flat_id": "FaceRatio-null-null-null-null",
              "scope": "none",
              "sources": [],
              "data": null
            },
            {
              "name": "FaceReflection",
              "status": "Passed",
              "flat_id": "FaceReflection-null-null-null-null",
              "scope": "none",
              "sources": [],
              "data": null
            }
          ],
          "input_sources": [
            "video.mp4"
          ]
        },
        {
          "image_path": "images/face_verification/image_0.png",
          "checks": [
            {
              "name": "FaceDetection",
              "status": "Passed",
              "flat_id": "FaceDetection-null-null-null-null",
              "scope": "none",
              "sources": [],
              "data": null
            }
          ],
          "input_sources": [
            "face.png"
          ]
        },
        {
          "image_path": "images/face_verification/image_1.png",
          "checks": [
            {
              "name": "FaceBlurriness",
              "status": "Passed",
              "flat_id": "FaceBlurriness-null-null-null-null",
              "scope": "none",
              "sources": [],
              "data": null
            },
            {
              "name": "FaceCentering",
              "status": "Passed",
              "flat_id": "FaceCentering-null-null-null-null",
              "scope": "none",
              "sources": [],
              "data": null
            },
            {
              "name": "FaceDetection",
              "status": "Passed",
              "flat_id": "FaceDetection-null-null-null-null",
              "scope": "none",
              "sources": [],
              "data": null
            },
            {
              "name": "FaceDetection",
              "status": "Passed",
              "flat_id": "FaceDetection-null-null-null-null",
              "scope": "none",
              "sources": [],
              "data": null
            },
            {
              "name": "FaceExposure",
              "status": "Passed",
              "flat_id": "FaceExposure-null-null-null-null",
              "scope": "none",
              "sources": [],
              "data": null
            },
            {
              "name": "FaceOrientation",
              "status": "Passed",
              "flat_id": "FaceOrientation-null-null-null-null",
              "scope": "none",
              "sources": [],
              "data": null
            },
            {
              "name": "FaceRatio",
              "status": "Passed",
              "flat_id": "FaceRatio-null-null-null-null",
              "scope": "none",
              "sources": [],
              "data": null
            },
            {
              "name": "FaceReflection",
              "status": "Passed",
              "flat_id": "FaceReflection-null-null-null-null",
              "scope": "none",
              "sources": [],
              "data": null
            }
          ],
          "input_sources": [
            "video.mp4"
          ]
        }
      ],
      "inputs": [
        {
          "image_path": "face.png"
        },
        {
          "image_path": "images/liveness/faceFromLiveness.png"
        }
      ],
      "engine": 0,
      "metadata": {
        "processing_timestamp": "2025-08-19T07:59:22",
        "fstid": "1755590362",
        "udid": "",
        "process_id": "2222321998",
        "device_model": "",
        "os_version": "",
        "selfie_status": "",
        "ml_consent": ""
      }
    },
    {
      "process_type": "injection_detection",
      "checks": [
        {
          "name": "AccelerometerIntegrity",
          "status": "Passed",
          "flat_id": "AccelerometerIntegrity-null-null-null-null",
          "scope": "document",
          "sources": [],
          "data": null
        }
      ],
      "failed_checks": [],
      "metadata": {
        "processing_timestamp": "2025-08-19T07:59:24",
        "fstid": "1755590364",
        "udid": "",
        "process_id": "2222321998",
        "device_model": "",
        "os_version": "",
        "selfie_status": "",
        "ml_consent": ""
      }
    }
  ]
}
