<?xml version="1.0" encoding="UTF-8" standalone="yes"?>
<documentScan xmlns="urn:document.scan.ep.PXLBeamOnBoard.net">
  <mrz>
    <firstName>BENJAMIN</firstName>
    <lastName>RIEMER</lastName>
    <dateOfBirth>2004-07-30</dateOfBirth>
    <documentType>id</documentType>
    <documentNumber>L3PZ6XHFN</documentNumber>
    <documentCountry>DEU</documentCountry>
    <nationality>DEU</nationality>
    <expirationDate>2026-08-12</expirationDate>
    <mrzLines>
      <line1>IDD**L3PZ6XHFN4***************</line1>
      <line2>0407300*2608123D*************8</line2>
      <line3>RIEMER**BENJAMIN**************</line3>
    </mrzLines>
  </mrz>
  <viz>
    <firstName>BENJAMIN</firstName>
    <lastName>RIEMER</lastName>
    <dateOfBirth>2004-07-30</dateOfBirth>
    <documentType>id</documentType>
    <documentNumber>L3PZ6XHFN</documentNumber>
    <documentCountry>DEU</documentCountry>
    <nationality>DEU</nationality>
    <expirationDate>2026-08-12</expirationDate>
    <dateOfIssue>2020-08-13</dateOfIssue>
    <placeOfBirth>NEURUPPIN</placeOfBirth>
    <address>24768 RendsburgStettiner Straße 27</address>
    <authority>AMT NEUSTADT (DOSSE)EINWOHNERMELDEAMTDER AMTSDIREKTOR</authority>
  </viz>
  <documentTypeClassifier>
    <classifiedDocumentFirstScan>deu-id-2010 front</classifiedDocumentFirstScan>
    <classifiedDocumentSecondScan>deu-id-2010 back</classifiedDocumentSecondScan>
    <hasNfc>unsure</hasNfc>
    <nfcSupported>yes</nfcSupported>
  </documentTypeClassifier>
  <livenessCheck>
    <result>pass</result>
    <threshold>90</threshold>
    <confidenceLevel>99</confidenceLevel>
    <processId>2222321998</processId>
    <FSTID>1755590361</FSTID>
    <transactionCode>357589807</transactionCode>
  </livenessCheck>
  <faceVerification>
    <result>pass</result>
    <threshold>41</threshold>
    <confidenceLevel>61</confidenceLevel>
    <processId>2222321998</processId>
    <FSTID>1755590362</FSTID>
    <transactionCode>357589807</transactionCode>
  </faceVerification>
  <metadata>
    <processId>2222321998</processId>
    <FSTID>1755590251</FSTID>
    <transactionCode>357589807</transactionCode>
    <scanDate>2025-08-19T07:57:31</scanDate>
    <versionId>v3.10.1-0-gbc4658b0b1</versionId>
    <vendorName>PXLVISION</vendorName>
    <appName>PXLBeamOnBoard</appName>
    <udid>123456789</udid>
    <deviceModelType>Apple iPhone</deviceModelType>
    <osVersion>iOS 18.5</osVersion>
    <appID>ch.pxlvision.ident-qes</appID>
    <brandID>LOR</brandID>
  </metadata>
</documentScan>