{
  "identFormat": "1.0.0",
  "transactionCode": "746366712",
  "status": "PENDING_MANUAL_REVIEW",
  "flaggedAsFraud": true,
  "forcedManualReview": false,
  "pidDeleted": false,
  "createdAt": "2025-08-20T12:53:17.098Z",
  "updatedAt": "2025-08-20T12:57:50.644Z",
  "metadata": {
    "brandID": "LOR",
    "appID": "ch.pxlvision.ident-qes",
    "sdkVersionId": "v3.10.1-0-gbc4658b0b1"
  },
  "configuration": {
    "workflowId": 31,
    "workflowName": "IDV eIDAS",
    "modules": [
      {
        "module": "introLanding",
        "enabled": true
      },
      {
        "module": "introConsents",
        "enabled": true
      },
      {
        "module": "compatibilityCheck",
        "enabled": true,
        "cameraRequired": true,
        "nfcBrowserRequired": false
      },
      {
        "module": "userAuthentication",
        "enabled": false
      },
      {
        "module": "selfDeclaration",
        "enabled": false
      },
      {
        "module": "identityVerification",
        "enabled": true,
        "idScan": true,
        "documentFreshness": true,
        "faceVerification": true,
        "livenessDetection": true,
        "idRecording": {
          "enabled": true,
          "mode": "mandatory"
        },
        "nfcDetection": false,
        "partnerQes": false
      },
      {
        "module": "a4Scan",
        "enabled": false
      },
      {
        "module": "addressCheck",
        "enabled": false,
        "mode": "uiOnly"
      },
      {
        "module": "barcodeScan",
        "enabled": false
      },
      {
        "module": "contractSigning",
        "enabled": false
      },
      {
        "module": "signOnScreen",
        "enabled": false
      },
      {
        "module": "outro",
        "enabled": true
      }
    ],
    "minimumAge": 18
  },
  "userConsent": {
    "termsOfUse": true,
    "privacyPolicyML": true
  },
  "transactionLog": [
    {
      "status": "ACTIVE",
      "timestamp": "2025-08-20T12:53:17.098Z"
    },
    {
      "status": "STARTED",
      "timestamp": "2025-08-20T12:53:51.422Z"
    },
    {
      "status": "TC_ACCEPTED",
      "timestamp": "2025-08-20T12:54:10.833Z"
    },
    {
      "status": "COMPATIBILITY_PASSED",
      "timestamp": "2025-08-20T12:54:17.170Z"
    },
    {
      "status": "DOCUMENT_SCAN_COMPLETED",
      "timestamp": "2025-08-20T12:55:28.699Z"
    },
    {
      "status": "DOCUMENT_RECORDING_COMPLETED",
      "timestamp": "2025-08-20T12:56:18.785Z"
    },
    {
      "status": "SELFIE_COMPLETED",
      "timestamp": "2025-08-20T12:57:50.419Z"
    },
    {
      "status": "IDENTIFICATION_COMPLETED",
      "timestamp": "2025-08-20T12:57:50.563Z"
    },
    {
      "status": "PENDING_MANUAL_REVIEW",
      "timestamp": "2025-08-20T12:57:50.644Z"
    }
  ],
  "initialPersonalData": {
    "firstName": "Katharina",
    "lastName": "Debiel",
    "maidenName": "Debiel",
    "gender": "f",
    "birthdate": "1994-09-10",
    "email": "k.sdelektromeister@gmail.com",
    "phone": "015153567464",
    "nationality": "DEU",
    "address": {
      "street": "Rehgtland 6",
      "houseNumber": "1",
      "addressLine2": "address2",
      "zipCode": "31547",
      "city": "Rehburg-Loccum",
      "countryCode": "DEU"
    }
  },
  "device": {
    "model": "Apple iPhone",
    "osVersion": "iOS 18.6.1",
    "cameras": [
      2
    ]
  },
  "documentVerification": {
    "documents": [
      {
        "processId": "864063816",
        "FSTID": "1755694516",
        "scanDate": "2025-08-20T12:55:16",
        "files": [
          {
            "filetype": "firstImage",
            "filename": "firstImage.png",
            "SHA512": "2ae6c307fc4ef4ef01a824197c0c7217183b8a159f46db35e707f6880308e48799e2cb0f01bd5ea9cdf902de33179eda3d3dccd5a664f011747e8ad725cbdc74"
          },
          {
            "filetype": "secondImage",
            "filename": "secondImage.png",
            "SHA512": "17defd22dbc18ab13f871901b364871bc786a436abe63d20218b2c66d8f4edf59c0c6f7ed36ba03ffdcbaa5bbd9be38ec5200b6fe00b754c820656f5d39e5338"
          },
          {
            "filetype": "faceImage",
            "filename": "faceImage.png",
            "SHA512": "a67c586cc9f448ce28ec67941caeab88a0fbdb920a5f29539c8e33caaed3d6f48518171cbcc779f378a91d38b4b39f1eb278b0e2682ae37f0def0ed6392945d4"
          },
          {
            "filetype": "resultXml",
            "filename": "result.xml",
            "SHA512": "c63fe8fa1b6e4631463531e07e57db59b6bbdd12b35d490e2083b07a5d25f8baba29f2afdefeb6aad799846b5380475b48680fd105bdb06d282d0230761079db"
          },
          {
            "filetype": "InputXml",
            "filename": "input.xml",
            "SHA512": "74c9d5c50541221dd9a45803f07a9e0543357b33fea1e73dd3f733e7bc659cd30a85d5d95e9607395d94a0e79cb6cc0faec7346ef4744ae4e370400b1023f8f4"
          },
          {
            "filetype": "ResultJson",
            "filename": "result.json",
            "SHA512": "34e2f7dd1a53e4a4d52f42a010fd9fd05d306718bab867f7867421f2e670c505eb13fef041e054f7a270d992062d038ad840d2bf5138fbafdc03067847fb11c6"
          },
          {
            "filetype": "dvsLog",
            "filename": "session.log",
            "SHA512": "ec283461132c318a36d0999423efc485d9691d6ff9a64bccf57f4b3e55435bad992548a7fa17e217add97c71cf1f1072cfc8e21323eb83e53f12d0242b0e639e"
          },
          {
            "filetype": "signatureImage",
            "filename": "signature.png",
            "SHA512": "39921bf9a5a175a11a85cb73312aadaefadf7fcb4c76c4b3ba00f540c88ea62bc932b01aff3af5ec0e3b1f4ece72563e5f34345a2b8e3a9d100e25ad1da61dfa"
          },
          {
            "filetype": "fullFrameFirstPage",
            "filename": "fullFrameFirstPage.jpg",
            "SHA512": "86b925c573e54cd4c3607440168c890eccf88bf686793e00a5828e9889d8357a997ef032819667139a05be14fa86ebe8779f3c1bafff6ec03b6ebf4f1f2740af"
          },
          {
            "filetype": "fullFrameSecondPage",
            "filename": "fullFrameSecondPage.jpg",
            "SHA512": "9f80918e859452a0bb8a4dc0e0d5be2c6edf99f2aabf20574f88e7b1cc761d6de4f2dcd4b1896c9f16c4ff51349625918d91b3b8a726102a9f0426093250dbd8"
          }
        ],
        "documentTypeClassifier": {
          "classifiedDocumentFirstScan": "deu-id-2021 front",
          "classifiedDocumentSecondScan": "deu-id-2021 back",
          "hasNfc": "unsure",
          "nfcSupported": "yes"
        },
        "mrz": {
          "firstName": "KATHARINA",
          "lastName": "DEBIEL",
          "dateOfBirth": "1984-05-22",
          "documentType": "id",
          "documentNumber": "L2J89CC2X",
          "documentCountry": "DEU",
          "nationality": "DEU",
          "expirationDate": "2033-01-30",
          "mrzLines": {
            "line1": "IDD**L2J89CC2X0***************",
            "line2": "8405221*3301306D**2108*******7",
            "line3": "DEBIEL**KATHARINA*************"
          }
        },
        "viz": {
          "firstName": "KATHARINA",
          "lastName": "DEBIEL",
          "maidenName": "MEIER",
          "dateOfBirth": "1984-05-22",
          "documentType": "id",
          "documentNumber": "L2J89CC2X",
          "documentCountry": "DEU",
          "nationality": "DEU",
          "expirationDate": "2033-01-30",
          "dateOfIssue": "2023-01-31",
          "placeOfBirth": "STADTHAGEN",
          "address": "L2J89CC2X31547 REHBURG-LOCCUMOT LOCCUNREHGTLAND 6 Siegel",
          "authority": "GEMEINDE GROßENKNETEN"
        },
        "calculatedAge": 41
      }
    ]
  },
  "idRecording": {
    "documents": {
      "id": 1,
      "files": [
        {
          "filetype": "firstVideo",
          "filename": "docRecordside1.mp4",
          "SHA512": "0033cea119a3995d42fd148810d8725d4dc68377618cca8d9c4099122c2b4dfa55a17c907972ba29850aba8fdb3e0dc710204c41fd655e8320850796190bf5dc"
        },
        {
          "filetype": "secondVideo",
          "filename": "docRecordside2.mp4",
          "SHA512": "8d9b6153c2fb199932e9c751cbc76d0871518972c4da4476253afb7d7ba77d450237be1d5dc49819d3d16a8de126c58cf6fc56024a719be0ba9add6e1f78ee79"
        }
      ]
    }
  },
  "returnCodes": {
    "blocking": [],
    "retryAndStop": [],
    "suspectedFraud": [
      "EError_ImageInjection"
    ],
    "retryAndContinue": [],
    "ignore": [],
    "manualCheck": [
      "EError_ImageInjection"
    ],
    "special": [],
    "unhandled": []
  },
  "faceLiveness": {
    "files": [
      {
        "filetype": "faceAvatar",
        "filename": "faceAvatar.png",
        "SHA512": "5559d6544a4673ae8cc33b5ed40a5b12566cae686546203883771a8a4d145346f1c963c34ba61efee7eb30ebcb9a657e6605f54d76945aa8833023941276dfe3"
      },
      {
        "filetype": "selfieVideo",
        "filename": "video.mp4",
        "SHA512": "f21667c8d64e7f939b89d9e15542f98ea7b936f6e06d009c29423c8b093facb84d7c5cbb3a07e304bbe7535d453b7bd818bee5ef7f7170e5aa6ede2df3de3f65"
      }
    ],
    "livenessCheck": {
      "result": "pass",
      "threshold": "90",
      "confidenceLevel": "99",
      "processId": "864063816",
      "FSTID": "1755694658"
    },
    "faceVerification": {
      "result": "pass",
      "threshold": "41",
      "confidenceLevel": "54",
      "processId": "864063816",
      "FSTID": "1755694659"
    }
  }
}