{
  "format_version": 0,
  "app_id": "ch.pxlvision.ident-qes",
  "app_name": "PXLBeamOnBoard",
  "version_id": "v3.10.1-0-gbc4658b0b1",
  "vendor": "PXLVISION",
  "brand_id": "LOR",
  "transaction_code": "746366712",
  "request_id": "",
  "order_id": "",
  "steps": [
    {
      "process_type": "idscan",
      "base_document_name": "deu-id-2021",
      "origin_country": "DEU",
      "document_type": "id",
      "accelerometer_attack": false,
      "nfc_prediction": {
        "has_nfc": "unsure",
        "nfc_supported": "yes"
      },
      "summary": {
        "address": "L2J89CC2X\n31547 REHBURG-LOCCUM\nOT LOCCUN\nREHGTLAND 6 Siegel",
        "authority": "GEMEINDE GROßENKNETEN",
        "countryCode": "DEU",
        "dateOfBirth": "1984-05-22",
        "dateOfExpiry": "2033-01-30",
        "dateOfIssue": "2023-01-31",
        "documentCountry": "DEU",
        "documentNumber": "L2J89CC2X",
        "documentType": "id",
        "firstName": "KATHARINA",
        "lastName": "DEBIEL",
        "maidenName": "MEIER",
        "nationality": "DEU",
        "optionalData2": "2108",
        "placeOfBirth": "STADTHAGEN"
      },
      "failed_checks": [],
      "pages": [
        {
          "document": "deu-id-2021",
          "name": "front",
          "index": 0,
          "origin_country": "DEU",
          "document_type": "id",
          "document_material": "",
          "document_location": [
            {
              "x": 680.88037109375,
              "y": 432.24169921875
            },
            {
              "x": 1431.669677734375,
              "y": 442.52789306640625
            },
            {
              "x": 1427.4957275390625,
              "y": 913.49951171875
            },
            {
              "x": 675.6573486328125,
              "y": 918.3838500976563
            }
          ],
          "image_path": "firstImage.png",
          "grayscale_document": false,
          "page_image_details": {
            "page_blurriness": {
              "result": 0.0005423553520813584,
              "threshold": 2.7470900022308342e-05
            },
            "page_orientation": {
              "result": 478.0,
              "threshold": 826.0999755859375
            },
            "page_reflection": false,
            "screen_integrity": {
              "result": 1.7127438695752062e-05,
              "threshold": 0.5
            },
            "color_mode_integrity": {
              "result": 0.0,
              "threshold": 0.5
            }
          },
          "viz": [
            {
              "field_name": "dateOfBirth",
              "coordinates": [
                [
                  321,
                  263
                ],
                [
                  486,
                  263
                ],
                [
                  487,
                  301
                ],
                [
                  321,
                  302
                ]
              ],
              "raw_value": {
                "text": "22.05.1984",
                "confidence": 0.9999946355819702
              },
              "extraction_type": "Line_Extraction",
              "found_fields": {
                "dateOfBirth": "1984-05-22"
              },
              "not_found_fields": []
            },
            {
              "field_name": "dateOfExpiry",
              "coordinates": [
                [
                  322,
                  375
                ],
                [
                  487,
                  375
                ],
                [
                  487,
                  411
                ],
                [
                  322,
                  412
                ]
              ],
              "raw_value": {
                "text": "30.01.2033",
                "confidence": 0.9999968409538269
              },
              "extraction_type": "Line_Extraction",
              "found_fields": {
                "dateOfExpiry": "2033-01-30"
              },
              "not_found_fields": []
            },
            {
              "field_name": "documentNumber",
              "coordinates": [
                [
                  512,
                  12
                ],
                [
                  735,
                  11
                ],
                [
                  735,
                  58
                ],
                [
                  512,
                  58
                ]
              ],
              "raw_value": {
                "text": "L2J89CC2X",
                "confidence": 0.9998974204063416
              },
              "extraction_type": "Line_Extraction",
              "found_fields": {
                "documentNumber": "L2J89CC2X"
              },
              "not_found_fields": []
            },
            {
              "field_name": "firstName",
              "coordinates": [
                [
                  321,
                  199
                ],
                [
                  736,
                  199
                ],
                [
                  737,
                  239
                ],
                [
                  321,
                  240
                ]
              ],
              "raw_value": {
                "text": "KATHARINA",
                "confidence": 0.9999908804893494
              },
              "extraction_type": "Line_Extraction",
              "found_fields": {
                "firstName": "KATHARINA"
              },
              "not_found_fields": []
            },
            {
              "field_name": "lastName",
              "coordinates": [
                [
                  343,
                  120
                ],
                [
                  748,
                  119
                ],
                [
                  748,
                  191
                ],
                [
                  343,
                  192
                ]
              ],
              "raw_value": {
                "text": "DEBIEL\nMEIER",
                "confidence": 0.9999884963035583
              },
              "extraction_type": "Multiline_Extraction",
              "found_fields": {
                "lastName": "DEBIEL"
              },
              "not_found_fields": []
            },
            {
              "field_name": "maidenName",
              "coordinates": [
                [
                  343,
                  120
                ],
                [
                  748,
                  119
                ],
                [
                  748,
                  191
                ],
                [
                  343,
                  192
                ]
              ],
              "raw_value": {
                "text": "DEBIEL\nMEIER",
                "confidence": 0.9999884963035583
              },
              "extraction_type": "Multiline_Extraction",
              "found_fields": {
                "maidenName": "MEIER"
              },
              "not_found_fields": []
            },
            {
              "field_name": "nationality",
              "coordinates": [
                [
                  490,
                  262
                ],
                [
                  717,
                  262
                ],
                [
                  717,
                  301
                ],
                [
                  491,
                  302
                ]
              ],
              "raw_value": {
                "text": "DEUTSCH",
                "confidence": 0.9999963045120239
              },
              "extraction_type": "Line_Extraction",
              "found_fields": {
                "nationality": "DEU"
              },
              "not_found_fields": []
            },
            {
              "field_name": "placeOfBirth",
              "coordinates": [
                [
                  321,
                  306
                ],
                [
                  737,
                  306
                ],
                [
                  737,
                  344
                ],
                [
                  322,
                  345
                ]
              ],
              "raw_value": {
                "text": "STADTHAGEN",
                "confidence": 0.9999961853027344
              },
              "extraction_type": "Line_Extraction",
              "found_fields": {
                "placeOfBirth": "STADTHAGEN"
              },
              "not_found_fields": []
            }
          ],
          "mrz": [],
          "barcode": [],
          "face": [
            {
              "field_name": "face",
              "coordinates": [
                [
                  31,
                  100
                ],
                [
                  314,
                  99
                ],
                [
                  316,
                  463
                ],
                [
                  33,
                  463
                ]
              ],
              "detected_face": {
                "bbox": {
                  "x1": 83.87074279785156,
                  "y1": 160.22500610351563,
                  "x2": 248.04937744140625,
                  "y2": 384.8425598144531
                },
                "score": 0.9999644756317139,
                "face_landmarks": {
                  "left_eye": {
                    "x": 133.70379638671875,
                    "y": 249.74407958984375
                  },
                  "right_eye": {
                    "x": 212.62689208984375,
                    "y": 251.18478393554688
                  },
                  "nose": {
                    "x": 172.21905517578125,
                    "y": 294.974365234375
                  },
                  "mouth_left": {
                    "x": 135.69110107421875,
                    "y": 329.30712890625
                  },
                  "mouth_right": {
                    "x": 204.00006103515625,
                    "y": 330.46917724609375
                  }
                },
                "source_image_size": {
                  "width": 1051,
                  "height": 668
                }
              },
              "source_image_size": {
                "width": 751,
                "height": 478
              },
              "image_path": "faceImage.png"
            }
          ],
          "texture": [
            {
              "field_name": "BundesrepublikDeutschland",
              "coordinates": [
                [
                  132,
                  13
                ],
                [
                  485,
                  12
                ],
                [
                  485,
                  56
                ],
                [
                  132,
                  56
                ]
              ]
            },
            {
              "field_name": "Personalausweis",
              "coordinates": [
                [
                  132,
                  49
                ],
                [
                  335,
                  48
                ],
                [
                  335,
                  89
                ],
                [
                  133,
                  89
                ]
              ]
            }
          ],
          "signature": [
            {
              "field_name": "signature",
              "coordinates": [
                [
                  328,
                  402
                ],
                [
                  732,
                  401
                ],
                [
                  733,
                  476
                ],
                [
                  328,
                  477
                ]
              ],
              "image_path": "signature.png"
            }
          ],
          "corner_detection_input_crop": {
            "x": 397,
            "y": 310,
            "width": 1360,
            "height": 769
          },
          "full_frame_image_path": "fullFrameFirstPage.jpg"
        },
        {
          "document": "deu-id-2021",
          "name": "back",
          "index": 1,
          "origin_country": "DEU",
          "document_type": "id",
          "document_material": "",
          "document_location": [
            {
              "x": 696.9480590820313,
              "y": 459.534423828125
            },
            {
              "x": 1457.5322265625,
              "y": 459.12384033203125
            },
            {
              "x": 1464.841796875,
              "y": 942.3590087890625
            },
            {
              "x": 693.6805419921875,
              "y": 949.7493286132813
            }
          ],
          "image_path": "secondImage.png",
          "grayscale_document": false,
          "page_image_details": {
            "page_blurriness": {
              "result": 0.00038613021024502814,
              "threshold": 2.7470900022308342e-05
            },
            "page_orientation": {
              "result": 487.0,
              "threshold": 842.5999755859375
            },
            "page_reflection": false,
            "screen_integrity": {
              "result": 2.060101178358309e-05,
              "threshold": 0.5
            },
            "color_mode_integrity": {
              "result": 0.0,
              "threshold": 0.5
            }
          },
          "viz": [
            {
              "field_name": "address",
              "coordinates": [
                [
                  336,
                  27
                ],
                [
                  732,
                  28
                ],
                [
                  732,
                  164
                ],
                [
                  336,
                  163
                ]
              ],
              "raw_value": {
                "text": "L2J89CC2X\n31547 REHBURG-LOCCUM\nOT LOCCUN\nREHGTLAND 6 Siegel",
                "confidence": 0.9911321997642517
              },
              "extraction_type": "Multiline_Extraction",
              "found_fields": {
                "address": "L2J89CC2X\n31547 REHBURG-LOCCUM\nOT LOCCUN\nREHGTLAND 6 Siegel"
              },
              "not_found_fields": []
            },
            {
              "field_name": "authority",
              "coordinates": [
                [
                  20,
                  173
                ],
                [
                  335,
                  173
                ],
                [
                  335,
                  256
                ],
                [
                  20,
                  256
                ]
              ],
              "raw_value": {
                "text": "GEMEINDE GROßENKNETEN",
                "confidence": 0.9998918175697327
              },
              "extraction_type": "Multiline_Extraction",
              "found_fields": {
                "authority": "GEMEINDE GROßENKNETEN"
              },
              "not_found_fields": []
            },
            {
              "field_name": "dateOfIssue",
              "coordinates": [
                [
                  18,
                  113
                ],
                [
                  194,
                  113
                ],
                [
                  193,
                  154
                ],
                [
                  18,
                  153
                ]
              ],
              "raw_value": {
                "text": "31.01.23",
                "confidence": 0.9999952912330627
              },
              "extraction_type": "Line_Extraction",
              "found_fields": {
                "dateOfIssue": "2023-01-31"
              },
              "not_found_fields": []
            }
          ],
          "mrz": [
            {
              "field_name": "mrz",
              "raw_value": {
                "text": "IDD<<L2J89CC2X0<<<<<<<<<<<<<<<\n8405221<3301306D<<2108<<<<<<<7\nDEBIEL<<KATHARINA<<<<<<<<<<<<<",
                "confidence": 0.9999921321868896
              },
              "extraction_type": "Pxl",
              "found_fields": {
                "checkDigit": "7",
                "countryCode": "DEU",
                "dateOfBirthCheckDigit": "1",
                "dateOfExpiryCheckDigit": "6",
                "documentNumber": "L2J89CC2X",
                "documentNumberCheckDigit": "0",
                "documentType": "id",
                "firstName": "KATHARINA",
                "gender": "",
                "lastName": "DEBIEL",
                "nationality": "DEU",
                "optionalData1": "",
                "optionalData2": "2108",
                "dateOfBirth": "1984-05-22",
                "dateOfExpiry": "2033-01-30"
              },
              "not_found_fields": [],
              "coordinates": [
                [
                  -2,
                  294
                ],
                [
                  764,
                  296
                ],
                [
                  764,
                  490
                ],
                [
                  -2,
                  489
                ]
              ],
              "config": {
                "format": 1,
                "lineSizes": [
                  30,
                  30,
                  30
                ],
                "startString": "",
                "startStringExcluded": "",
                "regexCaptureGroups": [
                  [
                    "documentNumber",
                    "countryCode",
                    "documentType",
                    "optionalData1",
                    "documentNumberCheckDigit"
                  ],
                  [
                    "checkDigit",
                    "optionalData2",
                    "dateOfExpiry",
                    "dateOfExpiryCheckDigit",
                    "nationality",
                    "dateOfBirth",
                    "gender",
                    "dateOfBirthCheckDigit"
                  ],
                  [
                    "firstName",
                    "lastName"
                  ]
                ],
                "regexStrings": [
                  "^(?P<documentType>I[ABD-UW-Z0-9<]|^[A|C][A-Z0-9<])(?P<countryCode>[A-Z<]{3})(?P<documentNumber>[A-Z0-9<]{9})(?P<documentNumberCheckDigit>[0-9<]{1})(?P<optionalData1>[A-Z0-9<]{15}$)",
                  "^(?P<dateOfBirth>[0-9]{6})(?P<dateOfBirthCheckDigit>[0-9]{1})(?P<gender>[M|F|X|<]{1})(?P<dateOfExpiry>[0-9]{6})(?P<dateOfExpiryCheckDigit>[0-9]{1})(?P<nationality>[A-Z<]{3})(?P<optionalData2>[A-Z0-9<]{11})(?P<checkDigit>[0-9]{1}$)",
                  "^(?P<lastName>[A-Z0-9]+(?:<[A-Z0-9]+)*)?<<(?P<firstName>[A-Z0-9]+(?:<[A-Z0-9]+)*)?<*$"
                ],
                "groupsToMatch": [
                  [
                    [
                      0,
                      "documentNumber"
                    ]
                  ],
                  [
                    [
                      1,
                      "dateOfBirth"
                    ]
                  ],
                  [
                    [
                      1,
                      "dateOfExpiry"
                    ]
                  ],
                  [
                    [
                      0,
                      "documentNumber"
                    ],
                    [
                      0,
                      "documentNumberCheckDigit"
                    ],
                    [
                      0,
                      "optionalData1"
                    ],
                    [
                      1,
                      "dateOfBirth"
                    ],
                    [
                      1,
                      "dateOfBirthCheckDigit"
                    ],
                    [
                      1,
                      "dateOfExpiry"
                    ],
                    [
                      1,
                      "dateOfExpiryCheckDigit"
                    ],
                    [
                      1,
                      "optionalData2"
                    ]
                  ]
                ],
                "checkDigitGroupNames": [
                  [
                    0,
                    "documentNumberCheckDigit"
                  ],
                  [
                    1,
                    "dateOfBirthCheckDigit"
                  ],
                  [
                    1,
                    "dateOfExpiryCheckDigit"
                  ],
                  [
                    1,
                    "checkDigit"
                  ]
                ]
              },
              "parsed_text": [
                {
                  "notFailed": {
                    "countryCode": "D<<",
                    "documentNumber": "L2J89CC2X",
                    "documentNumberCheckDigit": "0",
                    "documentType": "ID",
                    "optionalData1": "<<<<<<<<<<<<<<<"
                  },
                  "failed": []
                },
                {
                  "notFailed": {
                    "checkDigit": "7",
                    "dateOfBirth": "840522",
                    "dateOfBirthCheckDigit": "1",
                    "dateOfExpiry": "330130",
                    "dateOfExpiryCheckDigit": "6",
                    "gender": "<",
                    "nationality": "D<<",
                    "optionalData2": "2108<<<<<<<"
                  },
                  "failed": []
                },
                {
                  "notFailed": {
                    "firstName": "KATHARINA",
                    "lastName": "DEBIEL"
                  },
                  "failed": []
                }
              ],
              "template_allows_layout_validation": false,
              "mrz_format": "TD1"
            }
          ],
          "barcode": [],
          "face": [],
          "texture": [
            {
              "field_name": "Bundesdruckerei",
              "coordinates": [
                [
                  588,
                  444
                ],
                [
                  745,
                  444
                ],
                [
                  745,
                  478
                ],
                [
                  588,
                  478
                ]
              ]
            },
            {
              "field_name": "logo",
              "coordinates": [
                [
                  685,
                  184
                ],
                [
                  750,
                  184
                ],
                [
                  750,
                  245
                ],
                [
                  685,
                  245
                ]
              ]
            }
          ],
          "signature": [],
          "corner_detection_input_crop": {
            "x": 397,
            "y": 310,
            "width": 1360,
            "height": 769
          },
          "full_frame_image_path": "fullFrameSecondPage.jpg"
        }
      ],
      "metadata": {
        "processing_timestamp": "2025-08-20T12:55:16",
        "fstid": "1755694516",
        "udid": "123456789",
        "process_id": "864063816",
        "device_model": "Apple iPhone",
        "os_version": "iOS 18.6.1",
        "selfie_status": "",
        "ml_consent": ""
      },
      "checks": [
        {
          "name": "AccelerometerIntegrity",
          "status": "Passed",
          "flat_id": "AccelerometerIntegrity-null-null-null-null",
          "scope": "document",
          "sources": [],
          "data": null
        },
        {
          "name": "DocumentExpiry",
          "status": "Passed",
          "flat_id": "DocumentExpiry-null-null-null-null",
          "scope": "document",
          "sources": [],
          "data": null
        },
        {
          "name": "DocumentTypeValidation",
          "status": "Passed",
          "flat_id": "DocumentTypeValidation-null-null-null-null",
          "scope": "document",
          "sources": [],
          "data": null
        },
        {
          "name": "FullFrameCount",
          "status": "Passed",
          "flat_id": "FullFrameCount-null-null-null-null",
          "scope": "document",
          "sources": [],
          "data": null
        },
        {
          "name": "PagesCompatibility",
          "status": "Passed",
          "flat_id": "PagesCompatibility-null-null-null-null",
          "scope": "document",
          "sources": [],
          "data": null
        },
        {
          "name": "PagesCompleteness",
          "status": "Passed",
          "flat_id": "PagesCompleteness-null-null-null-null",
          "scope": "document",
          "sources": [],
          "data": {
            "base_document_name": "deu-id-2021",
            "missing_pages": ""
          }
        },
        {
          "name": "PagesUniqueness",
          "status": "Passed",
          "flat_id": "PagesUniqueness-null-null-null-null",
          "scope": "document",
          "sources": [],
          "data": null
        },
        {
          "name": "DocumentDataConsistency",
          "status": "Passed",
          "flat_id": "DocumentDataConsistency-page-front+back-template-documentCountry",
          "scope": "document",
          "sources": [
            {
              "location": "page",
              "page": 0,
              "group": "template",
              "field": "documentCountry"
            },
            {
              "location": "page",
              "page": 1,
              "group": "template",
              "field": "documentCountry"
            }
          ],
          "data": {
            "field_name": "documentCountry"
          }
        },
        {
          "name": "DocumentDataConsistency",
          "status": "Passed",
          "flat_id": "DocumentDataConsistency-page-front+back-template+mrz-documentType",
          "scope": "document",
          "sources": [
            {
              "location": "page",
              "page": 0,
              "group": "template",
              "field": "documentType"
            },
            {
              "location": "page",
              "page": 1,
              "group": "mrz",
              "field": "documentType"
            }
          ],
          "data": {
            "field_name": "documentType"
          }
        },
        {
          "name": "DocumentDataConsistency",
          "status": "Passed",
          "flat_id": "DocumentDataConsistency-page-front+back-template-documentType",
          "scope": "document",
          "sources": [
            {
              "location": "page",
              "page": 0,
              "group": "template",
              "field": "documentType"
            },
            {
              "location": "page",
              "page": 1,
              "group": "template",
              "field": "documentType"
            }
          ],
          "data": {
            "field_name": "documentType"
          }
        },
        {
          "name": "DocumentDataConsistency",
          "status": "Passed",
          "flat_id": "DocumentDataConsistency-page-front+back-viz+mrz-dateOfBirth",
          "scope": "document",
          "sources": [
            {
              "location": "page",
              "page": 0,
              "group": "viz",
              "field": "dateOfBirth"
            },
            {
              "location": "page",
              "page": 1,
              "group": "mrz",
              "field": "dateOfBirth"
            }
          ],
          "data": {
            "field_name": "dateOfBirth"
          }
        },
        {
          "name": "DocumentDataConsistency",
          "status": "Passed",
          "flat_id": "DocumentDataConsistency-page-front+back-viz+mrz-dateOfExpiry",
          "scope": "document",
          "sources": [
            {
              "location": "page",
              "page": 0,
              "group": "viz",
              "field": "dateOfExpiry"
            },
            {
              "location": "page",
              "page": 1,
              "group": "mrz",
              "field": "dateOfExpiry"
            }
          ],
          "data": {
            "field_name": "dateOfExpiry"
          }
        },
        {
          "name": "DocumentDataConsistency",
          "status": "Passed",
          "flat_id": "DocumentDataConsistency-page-front+back-viz+mrz-documentNumber",
          "scope": "document",
          "sources": [
            {
              "location": "page",
              "page": 0,
              "group": "viz",
              "field": "documentNumber"
            },
            {
              "location": "page",
              "page": 1,
              "group": "mrz",
              "field": "documentNumber"
            }
          ],
          "data": {
            "field_name": "documentNumber"
          }
        },
        {
          "name": "DocumentDataConsistency",
          "status": "Passed",
          "flat_id": "DocumentDataConsistency-page-front+back-viz+mrz-firstName",
          "scope": "document",
          "sources": [
            {
              "location": "page",
              "page": 0,
              "group": "viz",
              "field": "firstName"
            },
            {
              "location": "page",
              "page": 1,
              "group": "mrz",
              "field": "firstName"
            }
          ],
          "data": {
            "field_name": "firstName"
          }
        },
        {
          "name": "DocumentDataConsistency",
          "status": "Passed",
          "flat_id": "DocumentDataConsistency-page-front+back-viz+mrz-lastName",
          "scope": "document",
          "sources": [
            {
              "location": "page",
              "page": 0,
              "group": "viz",
              "field": "lastName"
            },
            {
              "location": "page",
              "page": 1,
              "group": "mrz",
              "field": "lastName"
            }
          ],
          "data": {
            "field_name": "lastName"
          }
        },
        {
          "name": "DocumentDataConsistency",
          "status": "Passed",
          "flat_id": "DocumentDataConsistency-page-back-mrz+template-documentType",
          "scope": "document",
          "sources": [
            {
              "location": "page",
              "page": 1,
              "group": "mrz",
              "field": "documentType"
            },
            {
              "location": "page",
              "page": 1,
              "group": "template",
              "field": "documentType"
            }
          ],
          "data": {
            "field_name": "documentType"
          }
        },
        {
          "name": "ColorModeIntegrity",
          "status": "Passed",
          "flat_id": "ColorModeIntegrity-page-front-null-null",
          "scope": "page",
          "sources": [
            {
              "location": "page",
              "page": 0,
              "group": null,
              "field": null
            }
          ],
          "data": null
        },
        {
          "name": "PageBlurriness",
          "status": "Passed",
          "flat_id": "PageBlurriness-page-front-null-null",
          "scope": "page",
          "sources": [
            {
              "location": "page",
              "page": 0,
              "group": null,
              "field": null
            }
          ],
          "data": null
        },
        {
          "name": "PageClassification",
          "status": "Passed",
          "flat_id": "PageClassification-page-front-null-null",
          "scope": "page",
          "sources": [
            {
              "location": "page",
              "page": 0,
              "group": null,
              "field": null
            }
          ],
          "data": null
        },
        {
          "name": "PageDetection",
          "status": "Passed",
          "flat_id": "PageDetection-page-front-null-null",
          "scope": "page",
          "sources": [
            {
              "location": "page",
              "page": 0,
              "group": null,
              "field": null
            }
          ],
          "data": null
        },
        {
          "name": "PageOrientation",
          "status": "Passed",
          "flat_id": "PageOrientation-page-front-null-null",
          "scope": "page",
          "sources": [
            {
              "location": "page",
              "page": 0,
              "group": null,
              "field": null
            }
          ],
          "data": null
        },
        {
          "name": "PagePositionIntegrity",
          "status": "Passed",
          "flat_id": "PagePositionIntegrity-page-front-null-null",
          "scope": "page",
          "sources": [
            {
              "location": "page",
              "page": 0,
              "group": null,
              "field": null
            }
          ],
          "data": {
            "metadata": {
              "positioningDistanceThreshold": 0.1,
              "desiredRegionFraction": 0.6,
              "isRegionValid": true,
              "desiredPageRegion": {
                "topLeftX": 705,
                "topLeftY": 462,
                "desiredRegionWidth": 744,
                "desiredRegionHeight": 465,
                "horizontalPad": 308,
                "verticalPad": 152,
                "requestedAspectRatio": 1.600000023841858
              }
            },
            "dist_from_desired": 0.02412286649331295
          }
        },
        {
          "name": "PageReflection",
          "status": "Passed",
          "flat_id": "PageReflection-page-front-null-null",
          "scope": "page",
          "sources": [
            {
              "location": "page",
              "page": 0,
              "group": null,
              "field": null
            }
          ],
          "data": null
        },
        {
          "name": "ScreenIntegrity",
          "status": "Passed",
          "flat_id": "ScreenIntegrity-page-front-null-null",
          "scope": "page",
          "sources": [
            {
              "location": "page",
              "page": 0,
              "group": null,
              "field": null
            }
          ],
          "data": null
        },
        {
          "name": "ColorModeIntegrity",
          "status": "Passed",
          "flat_id": "ColorModeIntegrity-page-back-null-null",
          "scope": "page",
          "sources": [
            {
              "location": "page",
              "page": 1,
              "group": null,
              "field": null
            }
          ],
          "data": null
        },
        {
          "name": "PageBlurriness",
          "status": "Passed",
          "flat_id": "PageBlurriness-page-back-null-null",
          "scope": "page",
          "sources": [
            {
              "location": "page",
              "page": 1,
              "group": null,
              "field": null
            }
          ],
          "data": null
        },
        {
          "name": "PageClassification",
          "status": "Passed",
          "flat_id": "PageClassification-page-back-null-null",
          "scope": "page",
          "sources": [
            {
              "location": "page",
              "page": 1,
              "group": null,
              "field": null
            }
          ],
          "data": null
        },
        {
          "name": "PageDetection",
          "status": "Passed",
          "flat_id": "PageDetection-page-back-null-null",
          "scope": "page",
          "sources": [
            {
              "location": "page",
              "page": 1,
              "group": null,
              "field": null
            }
          ],
          "data": null
        },
        {
          "name": "PageOrientation",
          "status": "Passed",
          "flat_id": "PageOrientation-page-back-null-null",
          "scope": "page",
          "sources": [
            {
              "location": "page",
              "page": 1,
              "group": null,
              "field": null
            }
          ],
          "data": null
        },
        {
          "name": "PagePositionIntegrity",
          "status": "Passed",
          "flat_id": "PagePositionIntegrity-page-back-null-null",
          "scope": "page",
          "sources": [
            {
              "location": "page",
              "page": 1,
              "group": null,
              "field": null
            }
          ],
          "data": {
            "metadata": {
              "positioningDistanceThreshold": 0.1,
              "desiredRegionFraction": 0.6,
              "isRegionValid": true,
              "desiredPageRegion": {
                "topLeftX": 705,
                "topLeftY": 462,
                "desiredRegionWidth": 744,
                "desiredRegionHeight": 465,
                "horizontalPad": 308,
                "verticalPad": 152,
                "requestedAspectRatio": 1.600000023841858
              }
            },
            "dist_from_desired": 0.00685406548671596
          }
        },
        {
          "name": "PageReflection",
          "status": "Passed",
          "flat_id": "PageReflection-page-back-null-null",
          "scope": "page",
          "sources": [
            {
              "location": "page",
              "page": 1,
              "group": null,
              "field": null
            }
          ],
          "data": null
        },
        {
          "name": "ScreenIntegrity",
          "status": "Passed",
          "flat_id": "ScreenIntegrity-page-back-null-null",
          "scope": "page",
          "sources": [
            {
              "location": "page",
              "page": 1,
              "group": null,
              "field": null
            }
          ],
          "data": null
        },
        {
          "name": "FaceDetection",
          "status": "Passed",
          "flat_id": "FaceDetection-page-front-face-face",
          "scope": "field",
          "sources": [
            {
              "location": "page",
              "page": 0,
              "group": "face",
              "field": "face"
            }
          ],
          "data": null
        },
        {
          "name": "FaceLayoutIntegrity",
          "status": "Passed",
          "flat_id": "FaceLayoutIntegrity-page-front-face-face",
          "scope": "field",
          "sources": [
            {
              "location": "page",
              "page": 0,
              "group": "face",
              "field": "face"
            }
          ],
          "data": {
            "face_size": 0.10233496129512787,
            "face_center": {
              "x": 0.21970704197883606,
              "y": 0.569037675857544
            }
          }
        },
        {
          "name": "DateValidation",
          "status": "Passed",
          "flat_id": "DateValidation-page-front-viz-dateOfBirth",
          "scope": "field",
          "sources": [
            {
              "location": "page",
              "page": 0,
              "group": "viz",
              "field": "dateOfBirth"
            }
          ],
          "data": null
        },
        {
          "name": "FormatValidation",
          "status": "Passed",
          "flat_id": "FormatValidation-page-front-viz-dateOfBirth",
          "scope": "field",
          "sources": [
            {
              "location": "page",
              "page": 0,
              "group": "viz",
              "field": "dateOfBirth"
            }
          ],
          "data": null
        },
        {
          "name": "OcrConfidence",
          "status": "Passed",
          "flat_id": "OcrConfidence-page-front-viz-dateOfBirth",
          "scope": "field",
          "sources": [
            {
              "location": "page",
              "page": 0,
              "group": "viz",
              "field": "dateOfBirth"
            }
          ],
          "data": null
        },
        {
          "name": "SpecimenIntegrity",
          "status": "Passed",
          "flat_id": "SpecimenIntegrity-page-front-viz-dateOfBirth",
          "scope": "field",
          "sources": [
            {
              "location": "page",
              "page": 0,
              "group": "viz",
              "field": "dateOfBirth"
            }
          ],
          "data": null
        },
        {
          "name": "DateValidation",
          "status": "Passed",
          "flat_id": "DateValidation-page-front-viz-dateOfExpiry",
          "scope": "field",
          "sources": [
            {
              "location": "page",
              "page": 0,
              "group": "viz",
              "field": "dateOfExpiry"
            }
          ],
          "data": null
        },
        {
          "name": "ExpiryDateValidation",
          "status": "Passed",
          "flat_id": "ExpiryDateValidation-page-front-viz-dateOfExpiry",
          "scope": "field",
          "sources": [
            {
              "location": "page",
              "page": 0,
              "group": "viz",
              "field": "dateOfExpiry"
            }
          ],
          "data": null
        },
        {
          "name": "FormatValidation",
          "status": "Passed",
          "flat_id": "FormatValidation-page-front-viz-dateOfExpiry",
          "scope": "field",
          "sources": [
            {
              "location": "page",
              "page": 0,
              "group": "viz",
              "field": "dateOfExpiry"
            }
          ],
          "data": null
        },
        {
          "name": "OcrConfidence",
          "status": "Passed",
          "flat_id": "OcrConfidence-page-front-viz-dateOfExpiry",
          "scope": "field",
          "sources": [
            {
              "location": "page",
              "page": 0,
              "group": "viz",
              "field": "dateOfExpiry"
            }
          ],
          "data": null
        },
        {
          "name": "SpecimenIntegrity",
          "status": "Passed",
          "flat_id": "SpecimenIntegrity-page-front-viz-dateOfExpiry",
          "scope": "field",
          "sources": [
            {
              "location": "page",
              "page": 0,
              "group": "viz",
              "field": "dateOfExpiry"
            }
          ],
          "data": null
        },
        {
          "name": "FormatValidation",
          "status": "Passed",
          "flat_id": "FormatValidation-page-front-viz-documentNumber",
          "scope": "field",
          "sources": [
            {
              "location": "page",
              "page": 0,
              "group": "viz",
              "field": "documentNumber"
            }
          ],
          "data": null
        },
        {
          "name": "OcrConfidence",
          "status": "Passed",
          "flat_id": "OcrConfidence-page-front-viz-documentNumber",
          "scope": "field",
          "sources": [
            {
              "location": "page",
              "page": 0,
              "group": "viz",
              "field": "documentNumber"
            }
          ],
          "data": null
        },
        {
          "name": "SpecimenIntegrity",
          "status": "Passed",
          "flat_id": "SpecimenIntegrity-page-front-viz-documentNumber",
          "scope": "field",
          "sources": [
            {
              "location": "page",
              "page": 0,
              "group": "viz",
              "field": "documentNumber"
            }
          ],
          "data": null
        },
        {
          "name": "FormatValidation",
          "status": "Passed",
          "flat_id": "FormatValidation-page-front-viz-firstName",
          "scope": "field",
          "sources": [
            {
              "location": "page",
              "page": 0,
              "group": "viz",
              "field": "firstName"
            }
          ],
          "data": null
        },
        {
          "name": "OcrConfidence",
          "status": "Passed",
          "flat_id": "OcrConfidence-page-front-viz-firstName",
          "scope": "field",
          "sources": [
            {
              "location": "page",
              "page": 0,
              "group": "viz",
              "field": "firstName"
            }
          ],
          "data": null
        },
        {
          "name": "SpecimenIntegrity",
          "status": "Passed",
          "flat_id": "SpecimenIntegrity-page-front-viz-firstName",
          "scope": "field",
          "sources": [
            {
              "location": "page",
              "page": 0,
              "group": "viz",
              "field": "firstName"
            }
          ],
          "data": null
        },
        {
          "name": "FormatValidation",
          "status": "Passed",
          "flat_id": "FormatValidation-page-front-viz-lastName",
          "scope": "field",
          "sources": [
            {
              "location": "page",
              "page": 0,
              "group": "viz",
              "field": "lastName"
            }
          ],
          "data": null
        },
        {
          "name": "OcrConfidence",
          "status": "Passed",
          "flat_id": "OcrConfidence-page-front-viz-lastName",
          "scope": "field",
          "sources": [
            {
              "location": "page",
              "page": 0,
              "group": "viz",
              "field": "lastName"
            }
          ],
          "data": null
        },
        {
          "name": "SpecimenIntegrity",
          "status": "Passed",
          "flat_id": "SpecimenIntegrity-page-front-viz-lastName",
          "scope": "field",
          "sources": [
            {
              "location": "page",
              "page": 0,
              "group": "viz",
              "field": "lastName"
            }
          ],
          "data": null
        },
        {
          "name": "FormatValidation",
          "status": "Passed",
          "flat_id": "FormatValidation-page-back-mrz-checkDigit",
          "scope": "field",
          "sources": [
            {
              "location": "page",
              "page": 1,
              "group": "mrz",
              "field": "checkDigit"
            }
          ],
          "data": {
            "field_name": "checkDigit"
          }
        },
        {
          "name": "SpecimenIntegrity",
          "status": "Passed",
          "flat_id": "SpecimenIntegrity-page-back-mrz-checkDigit",
          "scope": "field",
          "sources": [
            {
              "location": "page",
              "page": 1,
              "group": "mrz",
              "field": "checkDigit"
            }
          ],
          "data": null
        },
        {
          "name": "FormatValidation",
          "status": "Passed",
          "flat_id": "FormatValidation-page-back-mrz-countryCode",
          "scope": "field",
          "sources": [
            {
              "location": "page",
              "page": 1,
              "group": "mrz",
              "field": "countryCode"
            }
          ],
          "data": {
            "field_name": "countryCode"
          }
        },
        {
          "name": "SpecimenIntegrity",
          "status": "Passed",
          "flat_id": "SpecimenIntegrity-page-back-mrz-countryCode",
          "scope": "field",
          "sources": [
            {
              "location": "page",
              "page": 1,
              "group": "mrz",
              "field": "countryCode"
            }
          ],
          "data": null
        },
        {
          "name": "FormatValidation",
          "status": "Passed",
          "flat_id": "FormatValidation-page-back-mrz-dateOfBirth",
          "scope": "field",
          "sources": [
            {
              "location": "page",
              "page": 1,
              "group": "mrz",
              "field": "dateOfBirth"
            }
          ],
          "data": {
            "field_name": "dateOfBirth"
          }
        },
        {
          "name": "MrzChecksumIntegrity",
          "status": "Passed",
          "flat_id": "MrzChecksumIntegrity-page-back-mrz-dateOfBirth",
          "scope": "field",
          "sources": [
            {
              "location": "page",
              "page": 1,
              "group": "mrz",
              "field": "dateOfBirth"
            }
          ],
          "data": {
            "field_name": "dateOfBirth",
            "check_digit_field_name": "dateOfBirthCheckDigit"
          }
        },
        {
          "name": "MrzChecksumIntegrity",
          "status": "Passed",
          "flat_id": "MrzChecksumIntegrity-page-back-mrz-dateOfBirth",
          "scope": "field",
          "sources": [
            {
              "location": "page",
              "page": 1,
              "group": "mrz",
              "field": "dateOfBirth"
            }
          ],
          "data": {
            "field_name": "dateOfBirth",
            "check_digit_field_name": "checkDigit"
          }
        },
        {
          "name": "FormatValidation",
          "status": "Passed",
          "flat_id": "FormatValidation-page-back-mrz-dateOfBirthCheckDigit",
          "scope": "field",
          "sources": [
            {
              "location": "page",
              "page": 1,
              "group": "mrz",
              "field": "dateOfBirthCheckDigit"
            }
          ],
          "data": {
            "field_name": "dateOfBirthCheckDigit"
          }
        },
        {
          "name": "MrzChecksumIntegrity",
          "status": "Passed",
          "flat_id": "MrzChecksumIntegrity-page-back-mrz-dateOfBirthCheckDigit",
          "scope": "field",
          "sources": [
            {
              "location": "page",
              "page": 1,
              "group": "mrz",
              "field": "dateOfBirthCheckDigit"
            }
          ],
          "data": {
            "field_name": "dateOfBirthCheckDigit",
            "check_digit_field_name": "checkDigit"
          }
        },
        {
          "name": "SpecimenIntegrity",
          "status": "Passed",
          "flat_id": "SpecimenIntegrity-page-back-mrz-dateOfBirthCheckDigit",
          "scope": "field",
          "sources": [
            {
              "location": "page",
              "page": 1,
              "group": "mrz",
              "field": "dateOfBirthCheckDigit"
            }
          ],
          "data": null
        },
        {
          "name": "FormatValidation",
          "status": "Passed",
          "flat_id": "FormatValidation-page-back-mrz-dateOfExpiry",
          "scope": "field",
          "sources": [
            {
              "location": "page",
              "page": 1,
              "group": "mrz",
              "field": "dateOfExpiry"
            }
          ],
          "data": {
            "field_name": "dateOfExpiry"
          }
        },
        {
          "name": "MrzChecksumIntegrity",
          "status": "Passed",
          "flat_id": "MrzChecksumIntegrity-page-back-mrz-dateOfExpiry",
          "scope": "field",
          "sources": [
            {
              "location": "page",
              "page": 1,
              "group": "mrz",
              "field": "dateOfExpiry"
            }
          ],
          "data": {
            "field_name": "dateOfExpiry",
            "check_digit_field_name": "checkDigit"
          }
        },
        {
          "name": "MrzChecksumIntegrity",
          "status": "Passed",
          "flat_id": "MrzChecksumIntegrity-page-back-mrz-dateOfExpiry",
          "scope": "field",
          "sources": [
            {
              "location": "page",
              "page": 1,
              "group": "mrz",
              "field": "dateOfExpiry"
            }
          ],
          "data": {
            "field_name": "dateOfExpiry",
            "check_digit_field_name": "dateOfExpiryCheckDigit"
          }
        },
        {
          "name": "FormatValidation",
          "status": "Passed",
          "flat_id": "FormatValidation-page-back-mrz-dateOfExpiryCheckDigit",
          "scope": "field",
          "sources": [
            {
              "location": "page",
              "page": 1,
              "group": "mrz",
              "field": "dateOfExpiryCheckDigit"
            }
          ],
          "data": {
            "field_name": "dateOfExpiryCheckDigit"
          }
        },
        {
          "name": "MrzChecksumIntegrity",
          "status": "Passed",
          "flat_id": "MrzChecksumIntegrity-page-back-mrz-dateOfExpiryCheckDigit",
          "scope": "field",
          "sources": [
            {
              "location": "page",
              "page": 1,
              "group": "mrz",
              "field": "dateOfExpiryCheckDigit"
            }
          ],
          "data": {
            "field_name": "dateOfExpiryCheckDigit",
            "check_digit_field_name": "checkDigit"
          }
        },
        {
          "name": "SpecimenIntegrity",
          "status": "Passed",
          "flat_id": "SpecimenIntegrity-page-back-mrz-dateOfExpiryCheckDigit",
          "scope": "field",
          "sources": [
            {
              "location": "page",
              "page": 1,
              "group": "mrz",
              "field": "dateOfExpiryCheckDigit"
            }
          ],
          "data": null
        },
        {
          "name": "FormatValidation",
          "status": "Passed",
          "flat_id": "FormatValidation-page-back-mrz-documentNumber",
          "scope": "field",
          "sources": [
            {
              "location": "page",
              "page": 1,
              "group": "mrz",
              "field": "documentNumber"
            }
          ],
          "data": {
            "field_name": "documentNumber"
          }
        },
        {
          "name": "MrzChecksumIntegrity",
          "status": "Passed",
          "flat_id": "MrzChecksumIntegrity-page-back-mrz-documentNumber",
          "scope": "field",
          "sources": [
            {
              "location": "page",
              "page": 1,
              "group": "mrz",
              "field": "documentNumber"
            }
          ],
          "data": {
            "field_name": "documentNumber",
            "check_digit_field_name": "documentNumberCheckDigit"
          }
        },
        {
          "name": "MrzChecksumIntegrity",
          "status": "Passed",
          "flat_id": "MrzChecksumIntegrity-page-back-mrz-documentNumber",
          "scope": "field",
          "sources": [
            {
              "location": "page",
              "page": 1,
              "group": "mrz",
              "field": "documentNumber"
            }
          ],
          "data": {
            "field_name": "documentNumber",
            "check_digit_field_name": "checkDigit"
          }
        },
        {
          "name": "SpecimenIntegrity",
          "status": "Passed",
          "flat_id": "SpecimenIntegrity-page-back-mrz-documentNumber",
          "scope": "field",
          "sources": [
            {
              "location": "page",
              "page": 1,
              "group": "mrz",
              "field": "documentNumber"
            }
          ],
          "data": null
        },
        {
          "name": "FormatValidation",
          "status": "Passed",
          "flat_id": "FormatValidation-page-back-mrz-documentNumberCheckDigit",
          "scope": "field",
          "sources": [
            {
              "location": "page",
              "page": 1,
              "group": "mrz",
              "field": "documentNumberCheckDigit"
            }
          ],
          "data": {
            "field_name": "documentNumberCheckDigit"
          }
        },
        {
          "name": "MrzChecksumIntegrity",
          "status": "Passed",
          "flat_id": "MrzChecksumIntegrity-page-back-mrz-documentNumberCheckDigit",
          "scope": "field",
          "sources": [
            {
              "location": "page",
              "page": 1,
              "group": "mrz",
              "field": "documentNumberCheckDigit"
            }
          ],
          "data": {
            "field_name": "documentNumberCheckDigit",
            "check_digit_field_name": "checkDigit"
          }
        },
        {
          "name": "SpecimenIntegrity",
          "status": "Passed",
          "flat_id": "SpecimenIntegrity-page-back-mrz-documentNumberCheckDigit",
          "scope": "field",
          "sources": [
            {
              "location": "page",
              "page": 1,
              "group": "mrz",
              "field": "documentNumberCheckDigit"
            }
          ],
          "data": null
        },
        {
          "name": "FormatValidation",
          "status": "Passed",
          "flat_id": "FormatValidation-page-back-mrz-documentType",
          "scope": "field",
          "sources": [
            {
              "location": "page",
              "page": 1,
              "group": "mrz",
              "field": "documentType"
            }
          ],
          "data": {
            "field_name": "documentType"
          }
        },
        {
          "name": "SpecimenIntegrity",
          "status": "Passed",
          "flat_id": "SpecimenIntegrity-page-back-mrz-documentType",
          "scope": "field",
          "sources": [
            {
              "location": "page",
              "page": 1,
              "group": "mrz",
              "field": "documentType"
            }
          ],
          "data": null
        },
        {
          "name": "FormatValidation",
          "status": "Passed",
          "flat_id": "FormatValidation-page-back-mrz-firstName",
          "scope": "field",
          "sources": [
            {
              "location": "page",
              "page": 1,
              "group": "mrz",
              "field": "firstName"
            }
          ],
          "data": {
            "field_name": "firstName"
          }
        },
        {
          "name": "SpecimenIntegrity",
          "status": "Passed",
          "flat_id": "SpecimenIntegrity-page-back-mrz-firstName",
          "scope": "field",
          "sources": [
            {
              "location": "page",
              "page": 1,
              "group": "mrz",
              "field": "firstName"
            }
          ],
          "data": null
        },
        {
          "name": "FormatValidation",
          "status": "Passed",
          "flat_id": "FormatValidation-page-back-mrz-gender",
          "scope": "field",
          "sources": [
            {
              "location": "page",
              "page": 1,
              "group": "mrz",
              "field": "gender"
            }
          ],
          "data": {
            "field_name": "gender"
          }
        },
        {
          "name": "SpecimenIntegrity",
          "status": "Passed",
          "flat_id": "SpecimenIntegrity-page-back-mrz-gender",
          "scope": "field",
          "sources": [
            {
              "location": "page",
              "page": 1,
              "group": "mrz",
              "field": "gender"
            }
          ],
          "data": null
        },
        {
          "name": "FormatValidation",
          "status": "Passed",
          "flat_id": "FormatValidation-page-back-mrz-lastName",
          "scope": "field",
          "sources": [
            {
              "location": "page",
              "page": 1,
              "group": "mrz",
              "field": "lastName"
            }
          ],
          "data": {
            "field_name": "lastName"
          }
        },
        {
          "name": "SpecimenIntegrity",
          "status": "Passed",
          "flat_id": "SpecimenIntegrity-page-back-mrz-lastName",
          "scope": "field",
          "sources": [
            {
              "location": "page",
              "page": 1,
              "group": "mrz",
              "field": "lastName"
            }
          ],
          "data": null
        },
        {
          "name": "FormatValidation",
          "status": "Passed",
          "flat_id": "FormatValidation-page-back-mrz-mrz",
          "scope": "field",
          "sources": [
            {
              "location": "page",
              "page": 1,
              "group": "mrz",
              "field": "mrz"
            }
          ],
          "data": {
            "field_name": "mrz"
          }
        },
        {
          "name": "OcrConfidence",
          "status": "Passed",
          "flat_id": "OcrConfidence-page-back-mrz-mrz",
          "scope": "field",
          "sources": [
            {
              "location": "page",
              "page": 1,
              "group": "mrz",
              "field": "mrz"
            }
          ],
          "data": null
        },
        {
          "name": "FormatValidation",
          "status": "Passed",
          "flat_id": "FormatValidation-page-back-mrz-nationality",
          "scope": "field",
          "sources": [
            {
              "location": "page",
              "page": 1,
              "group": "mrz",
              "field": "nationality"
            }
          ],
          "data": {
            "field_name": "nationality"
          }
        },
        {
          "name": "SpecimenIntegrity",
          "status": "Passed",
          "flat_id": "SpecimenIntegrity-page-back-mrz-nationality",
          "scope": "field",
          "sources": [
            {
              "location": "page",
              "page": 1,
              "group": "mrz",
              "field": "nationality"
            }
          ],
          "data": null
        },
        {
          "name": "FormatValidation",
          "status": "Passed",
          "flat_id": "FormatValidation-page-back-mrz-optionalData1",
          "scope": "field",
          "sources": [
            {
              "location": "page",
              "page": 1,
              "group": "mrz",
              "field": "optionalData1"
            }
          ],
          "data": {
            "field_name": "optionalData1"
          }
        },
        {
          "name": "MrzChecksumIntegrity",
          "status": "Passed",
          "flat_id": "MrzChecksumIntegrity-page-back-mrz-optionalData1",
          "scope": "field",
          "sources": [
            {
              "location": "page",
              "page": 1,
              "group": "mrz",
              "field": "optionalData1"
            }
          ],
          "data": {
            "field_name": "optionalData1",
            "check_digit_field_name": "checkDigit"
          }
        },
        {
          "name": "SpecimenIntegrity",
          "status": "Passed",
          "flat_id": "SpecimenIntegrity-page-back-mrz-optionalData1",
          "scope": "field",
          "sources": [
            {
              "location": "page",
              "page": 1,
              "group": "mrz",
              "field": "optionalData1"
            }
          ],
          "data": null
        },
        {
          "name": "FormatValidation",
          "status": "Passed",
          "flat_id": "FormatValidation-page-back-mrz-optionalData2",
          "scope": "field",
          "sources": [
            {
              "location": "page",
              "page": 1,
              "group": "mrz",
              "field": "optionalData2"
            }
          ],
          "data": {
            "field_name": "optionalData2"
          }
        },
        {
          "name": "MrzChecksumIntegrity",
          "status": "Passed",
          "flat_id": "MrzChecksumIntegrity-page-back-mrz-optionalData2",
          "scope": "field",
          "sources": [
            {
              "location": "page",
              "page": 1,
              "group": "mrz",
              "field": "optionalData2"
            }
          ],
          "data": {
            "field_name": "optionalData2",
            "check_digit_field_name": "checkDigit"
          }
        },
        {
          "name": "SpecimenIntegrity",
          "status": "Passed",
          "flat_id": "SpecimenIntegrity-page-back-mrz-optionalData2",
          "scope": "field",
          "sources": [
            {
              "location": "page",
              "page": 1,
              "group": "mrz",
              "field": "optionalData2"
            }
          ],
          "data": null
        }
      ]
    },
    {
      "process_type": "liveness",
      "failed_checks": [],
      "checks": [
        {
          "name": "FaceLiveness",
          "status": "Passed",
          "flat_id": "FaceLiveness-null-null-null-null",
          "scope": "none",
          "sources": [],
          "data": {
            "score": 0.9999996423721313,
            "threshold": 0.8999999761581421
          }
        }
      ],
      "images": [
        {
          "image_path": "faceAvatar.png",
          "checks": [
            {
              "name": "FaceBlurriness",
              "status": "Passed",
              "flat_id": "FaceBlurriness-null-null-null-null",
              "scope": "none",
              "sources": [],
              "data": null
            },
            {
              "name": "FaceCentering",
              "status": "AllowedFailure",
              "flat_id": "FaceCentering-null-null-null-null",
              "scope": "none",
              "sources": [],
              "data": null
            },
            {
              "name": "FaceDetection",
              "status": "Passed",
              "flat_id": "FaceDetection-null-null-null-null",
              "scope": "none",
              "sources": [],
              "data": null
            },
            {
              "name": "FaceExposure",
              "status": "Passed",
              "flat_id": "FaceExposure-null-null-null-null",
              "scope": "none",
              "sources": [],
              "data": null
            },
            {
              "name": "FaceOrientation",
              "status": "Passed",
              "flat_id": "FaceOrientation-null-null-null-null",
              "scope": "none",
              "sources": [],
              "data": null
            },
            {
              "name": "FaceRatio",
              "status": "Passed",
              "flat_id": "FaceRatio-null-null-null-null",
              "scope": "none",
              "sources": [],
              "data": null
            },
            {
              "name": "FaceReflection",
              "status": "Passed",
              "flat_id": "FaceReflection-null-null-null-null",
              "scope": "none",
              "sources": [],
              "data": null
            }
          ],
          "input_sources": [
            "video.mp4"
          ]
        },
        {
          "image_path": "images/liveness/image_0.png",
          "checks": [
            {
              "name": "FaceBlurriness",
              "status": "Passed",
              "flat_id": "FaceBlurriness-null-null-null-null",
              "scope": "none",
              "sources": [],
              "data": null
            },
            {
              "name": "FaceCentering",
              "status": "AllowedFailure",
              "flat_id": "FaceCentering-null-null-null-null",
              "scope": "none",
              "sources": [],
              "data": null
            },
            {
              "name": "FaceDetection",
              "status": "Passed",
              "flat_id": "FaceDetection-null-null-null-null",
              "scope": "none",
              "sources": [],
              "data": null
            },
            {
              "name": "FaceExposure",
              "status": "Passed",
              "flat_id": "FaceExposure-null-null-null-null",
              "scope": "none",
              "sources": [],
              "data": null
            },
            {
              "name": "FaceOrientation",
              "status": "Passed",
              "flat_id": "FaceOrientation-null-null-null-null",
              "scope": "none",
              "sources": [],
              "data": null
            },
            {
              "name": "FaceRatio",
              "status": "Passed",
              "flat_id": "FaceRatio-null-null-null-null",
              "scope": "none",
              "sources": [],
              "data": null
            },
            {
              "name": "FaceReflection",
              "status": "Passed",
              "flat_id": "FaceReflection-null-null-null-null",
              "scope": "none",
              "sources": [],
              "data": null
            }
          ],
          "input_sources": [
            "video.mp4"
          ]
        },
        {
          "image_path": "images/liveness/image_1.png",
          "checks": [
            {
              "name": "FaceBlurriness",
              "status": "Passed",
              "flat_id": "FaceBlurriness-null-null-null-null",
              "scope": "none",
              "sources": [],
              "data": null
            },
            {
              "name": "FaceCentering",
              "status": "AllowedFailure",
              "flat_id": "FaceCentering-null-null-null-null",
              "scope": "none",
              "sources": [],
              "data": null
            },
            {
              "name": "FaceDetection",
              "status": "Passed",
              "flat_id": "FaceDetection-null-null-null-null",
              "scope": "none",
              "sources": [],
              "data": null
            },
            {
              "name": "FaceExposure",
              "status": "Passed",
              "flat_id": "FaceExposure-null-null-null-null",
              "scope": "none",
              "sources": [],
              "data": null
            },
            {
              "name": "FaceOrientation",
              "status": "Passed",
              "flat_id": "FaceOrientation-null-null-null-null",
              "scope": "none",
              "sources": [],
              "data": null
            },
            {
              "name": "FaceRatio",
              "status": "Passed",
              "flat_id": "FaceRatio-null-null-null-null",
              "scope": "none",
              "sources": [],
              "data": null
            },
            {
              "name": "FaceReflection",
              "status": "Passed",
              "flat_id": "FaceReflection-null-null-null-null",
              "scope": "none",
              "sources": [],
              "data": null
            }
          ],
          "input_sources": [
            "video.mp4"
          ]
        },
        {
          "image_path": "images/liveness/image_2.png",
          "checks": [
            {
              "name": "FaceBlurriness",
              "status": "Passed",
              "flat_id": "FaceBlurriness-null-null-null-null",
              "scope": "none",
              "sources": [],
              "data": null
            },
            {
              "name": "FaceCentering",
              "status": "AllowedFailure",
              "flat_id": "FaceCentering-null-null-null-null",
              "scope": "none",
              "sources": [],
              "data": null
            },
            {
              "name": "FaceDetection",
              "status": "Passed",
              "flat_id": "FaceDetection-null-null-null-null",
              "scope": "none",
              "sources": [],
              "data": null
            },
            {
              "name": "FaceExposure",
              "status": "Passed",
              "flat_id": "FaceExposure-null-null-null-null",
              "scope": "none",
              "sources": [],
              "data": null
            },
            {
              "name": "FaceOrientation",
              "status": "Passed",
              "flat_id": "FaceOrientation-null-null-null-null",
              "scope": "none",
              "sources": [],
              "data": null
            },
            {
              "name": "FaceRatio",
              "status": "Passed",
              "flat_id": "FaceRatio-null-null-null-null",
              "scope": "none",
              "sources": [],
              "data": null
            },
            {
              "name": "FaceReflection",
              "status": "Passed",
              "flat_id": "FaceReflection-null-null-null-null",
              "scope": "none",
              "sources": [],
              "data": null
            }
          ],
          "input_sources": [
            "video.mp4"
          ]
        }
      ],
      "inputs": [
        {
          "image_path": "video.mp4"
        }
      ],
      "engine": 0,
      "metadata": {
        "processing_timestamp": "2025-08-20T12:57:38",
        "fstid": "1755694658",
        "udid": "",
        "process_id": "864063816",
        "device_model": "",
        "os_version": "",
        "selfie_status": "",
        "ml_consent": ""
      }
    },
    {
      "process_type": "face_verification",
      "failed_checks": [],
      "checks": [
        {
          "name": "FaceVerification",
          "status": "Passed",
          "flat_id": "FaceVerification-null-null-null-null",
          "scope": "none",
          "sources": [],
          "data": {
            "score": 0.5490593314170837,
            "threshold": 0.41600000858306885
          }
        }
      ],
      "images": [
        {
          "image_path": "faceAvatar.png",
          "checks": [
            {
              "name": "FaceBlurriness",
              "status": "Passed",
              "flat_id": "FaceBlurriness-null-null-null-null",
              "scope": "none",
              "sources": [],
              "data": null
            },
            {
              "name": "FaceCentering",
              "status": "AllowedFailure",
              "flat_id": "FaceCentering-null-null-null-null",
              "scope": "none",
              "sources": [],
              "data": null
            },
            {
              "name": "FaceDetection",
              "status": "Passed",
              "flat_id": "FaceDetection-null-null-null-null",
              "scope": "none",
              "sources": [],
              "data": null
            },
            {
              "name": "FaceDetection",
              "status": "Passed",
              "flat_id": "FaceDetection-null-null-null-null",
              "scope": "none",
              "sources": [],
              "data": null
            },
            {
              "name": "FaceExposure",
              "status": "Passed",
              "flat_id": "FaceExposure-null-null-null-null",
              "scope": "none",
              "sources": [],
              "data": null
            },
            {
              "name": "FaceOrientation",
              "status": "Passed",
              "flat_id": "FaceOrientation-null-null-null-null",
              "scope": "none",
              "sources": [],
              "data": null
            },
            {
              "name": "FaceRatio",
              "status": "Passed",
              "flat_id": "FaceRatio-null-null-null-null",
              "scope": "none",
              "sources": [],
              "data": null
            },
            {
              "name": "FaceReflection",
              "status": "Passed",
              "flat_id": "FaceReflection-null-null-null-null",
              "scope": "none",
              "sources": [],
              "data": null
            }
          ],
          "input_sources": [
            "video.mp4"
          ]
        },
        {
          "image_path": "images/face_verification/image_0.png",
          "checks": [
            {
              "name": "FaceDetection",
              "status": "Passed",
              "flat_id": "FaceDetection-null-null-null-null",
              "scope": "none",
              "sources": [],
              "data": null
            }
          ],
          "input_sources": [
            "face.png"
          ]
        },
        {
          "image_path": "images/face_verification/image_1.png",
          "checks": [
            {
              "name": "FaceBlurriness",
              "status": "Passed",
              "flat_id": "FaceBlurriness-null-null-null-null",
              "scope": "none",
              "sources": [],
              "data": null
            },
            {
              "name": "FaceCentering",
              "status": "AllowedFailure",
              "flat_id": "FaceCentering-null-null-null-null",
              "scope": "none",
              "sources": [],
              "data": null
            },
            {
              "name": "FaceDetection",
              "status": "Passed",
              "flat_id": "FaceDetection-null-null-null-null",
              "scope": "none",
              "sources": [],
              "data": null
            },
            {
              "name": "FaceDetection",
              "status": "Passed",
              "flat_id": "FaceDetection-null-null-null-null",
              "scope": "none",
              "sources": [],
              "data": null
            },
            {
              "name": "FaceExposure",
              "status": "Passed",
              "flat_id": "FaceExposure-null-null-null-null",
              "scope": "none",
              "sources": [],
              "data": null
            },
            {
              "name": "FaceOrientation",
              "status": "Passed",
              "flat_id": "FaceOrientation-null-null-null-null",
              "scope": "none",
              "sources": [],
              "data": null
            },
            {
              "name": "FaceRatio",
              "status": "Passed",
              "flat_id": "FaceRatio-null-null-null-null",
              "scope": "none",
              "sources": [],
              "data": null
            },
            {
              "name": "FaceReflection",
              "status": "Passed",
              "flat_id": "FaceReflection-null-null-null-null",
              "scope": "none",
              "sources": [],
              "data": null
            }
          ],
          "input_sources": [
            "video.mp4"
          ]
        }
      ],
      "inputs": [
        {
          "image_path": "face.png"
        },
        {
          "image_path": "images/liveness/faceFromLiveness.png"
        }
      ],
      "engine": 0,
      "metadata": {
        "processing_timestamp": "2025-08-20T12:57:39",
        "fstid": "1755694659",
        "udid": "",
        "process_id": "864063816",
        "device_model": "",
        "os_version": "",
        "selfie_status": "",
        "ml_consent": ""
      }
    },
    {
      "process_type": "injection_detection",
      "checks": [
        {
          "name": "AccelerometerIntegrity",
          "status": "Passed",
          "flat_id": "AccelerometerIntegrity-null-null-null-null",
          "scope": "document",
          "sources": [],
          "data": null
        }
      ],
      "failed_checks": [],
      "metadata": {
        "processing_timestamp": "2025-08-20T12:56:12",
        "fstid": "1755694572",
        "udid": "",
        "process_id": "864063816",
        "device_model": "",
        "os_version": "",
        "selfie_status": "",
        "ml_consent": ""
      }
    }
  ]
}
