<?xml version="1.0" encoding="UTF-8" standalone="yes"?>
<documentScan xmlns="urn:document.scan.ep.PXLBeamOnBoard.net">
  <mrz>
    <firstName>KATHARINA</firstName>
    <lastName>DEBIEL</lastName>
    <dateOfBirth>1984-05-22</dateOfBirth>
    <documentType>id</documentType>
    <documentNumber>L2J89CC2X</documentNumber>
    <documentCountry>DEU</documentCountry>
    <nationality>DEU</nationality>
    <expirationDate>2033-01-30</expirationDate>
    <mrzLines>
      <line1>IDD**L2J89CC2X0***************</line1>
      <line2>8405221*3301306D**2108*******7</line2>
      <line3>DEBIEL**KATHARINA*************</line3>
    </mrzLines>
  </mrz>
  <viz>
    <firstName>KATHARINA</firstName>
    <lastName>DEBIEL</lastName>
    <maidenName>MEIER</maidenName>
    <dateOfBirth>1984-05-22</dateOfBirth>
    <documentType>id</documentType>
    <documentNumber>L2J89CC2X</documentNumber>
    <documentCountry>DEU</documentCountry>
    <nationality>DEU</nationality>
    <expirationDate>2033-01-30</expirationDate>
    <dateOfIssue>2023-01-31</dateOfIssue>
    <placeOfBirth>STADTHAGEN</placeOfBirth>
    <address>L2J89CC2X31547 REHBURG-LOCCUMOT LOCCUNREHGTLAND 6 Siegel</address>
    <authority>GEMEINDE GROßENKNETEN</authority>
  </viz>
  <documentTypeClassifier>
    <classifiedDocumentFirstScan>deu-id-2021 front</classifiedDocumentFirstScan>
    <classifiedDocumentSecondScan>deu-id-2021 back</classifiedDocumentSecondScan>
    <hasNfc>unsure</hasNfc>
    <nfcSupported>yes</nfcSupported>
  </documentTypeClassifier>
  <livenessCheck>
    <result>pass</result>
    <threshold>90</threshold>
    <confidenceLevel>99</confidenceLevel>
    <processId>864063816</processId>
    <FSTID>1755694658</FSTID>
    <transactionCode>746366712</transactionCode>
  </livenessCheck>
  <faceVerification>
    <result>pass</result>
    <threshold>41</threshold>
    <confidenceLevel>54</confidenceLevel>
    <processId>864063816</processId>
    <FSTID>1755694659</FSTID>
    <transactionCode>746366712</transactionCode>
  </faceVerification>
  <metadata>
    <processId>864063816</processId>
    <FSTID>1755694516</FSTID>
    <transactionCode>746366712</transactionCode>
    <scanDate>2025-08-20T12:55:16</scanDate>
    <versionId>v3.10.1-0-gbc4658b0b1</versionId>
    <vendorName>PXLVISION</vendorName>
    <appName>PXLBeamOnBoard</appName>
    <udid>123456789</udid>
    <deviceModelType>Apple iPhone</deviceModelType>
    <osVersion>iOS 18.6.1</osVersion>
    <appID>ch.pxlvision.ident-qes</appID>
    <brandID>LOR</brandID>
  </metadata>
</documentScan>